order_item_id,order_id,product_id,quantity,unit_price
1,1,10,4,176.3
2,1,21,2,177.83
3,1,14,4,87.64
4,1,23,4,116.3
5,1,9,3,112.95
6,2,9,1,111.18
7,2,1,4,49.06
8,2,19,3,163.21
9,2,22,2,219.09
10,3,9,1,111.02
11,3,22,1,205.64
12,3,25,4,120.17
13,3,24,3,77.34
14,3,5,1,22.27
15,4,18,3,65.22
16,4,12,3,52.02
17,5,24,4,80.91
18,5,11,2,51.61
19,5,4,2,88.41
20,6,12,1,47.4
21,6,3,3,14.51
22,6,13,3,135.54
23,6,1,2,45.57
24,6,9,3,111.28
25,7,23,1,105.87
26,7,10,1,157.58
27,7,21,4,147.91
28,7,14,2,103.34
29,8,14,1,102.26
30,8,19,4,168.51
31,8,24,3,66.48
32,8,5,3,19.28
33,8,21,4,176.17
34,9,18,1,59.67
35,9,21,2,176.77
36,9,12,4,43.74
37,10,2,3,72.32
38,11,7,2,113.1
39,11,19,1,147.02
40,11,8,2,70.29
41,11,11,3,52.07
42,11,25,1,137.78
43,12,19,1,143.67
44,12,11,1,45.14
45,13,16,4,129.16
46,14,8,3,63.18
47,14,20,1,102.79
48,14,2,4,82.04
49,14,24,4,76.62
50,14,22,4,223.84
51,15,20,2,107.89
52,15,5,3,19.99
53,15,3,3,14.12
54,16,21,2,158.54
55,17,13,3,145.45
56,17,14,3,93.02
57,17,24,2,76.63
58,17,4,4,74.69
59,18,24,3,78.57
60,19,18,3,65.78
61,19,11,4,52.79
62,19,22,1,235.39
63,19,4,3,79.61
64,19,14,2,88.61
65,20,18,3,61.93
66,20,12,4,51.33
67,20,4,1,84.06
68,21,9,3,111.42
69,21,23,3,102.65
70,22,3,1,13.03
71,22,5,2,19.97
72,22,24,4,71.26
73,22,21,3,154.53
74,23,5,2,21.6
75,24,22,4,210.39
76,24,14,2,100.68
77,24,16,1,118.04
78,24,20,1,108.09
79,25,2,1,68.52
80,25,8,3,69.72
81,25,13,2,155.94
82,26,24,4,74.24
83,26,14,2,95.56
84,26,6,3,81.9
85,26,5,1,20.23
86,27,14,4,91.32
87,27,19,4,138.69
88,27,13,3,137.52
89,27,23,4,122.57
90,27,21,3,146.96
91,28,13,3,139.07
92,28,17,2,129.03
93,28,3,1,14.35
94,28,10,2,178.39
95,28,24,3,71.42
96,29,4,3,76.94
97,29,5,2,21.62
98,30,15,3,177.28
99,30,25,3,123.47
100,30,19,1,153.24
101,30,22,3,227.63
102,31,10,4,162.69
103,32,21,1,164.81
104,33,24,2,70.96
105,33,2,4,76.47
106,33,15,1,162.94
107,33,19,3,169.92
108,33,21,1,161.07
109,34,15,3,160.25
110,34,17,3,138.31
111,34,20,3,117.52
112,34,6,1,95.49
113,35,18,4,58.21
114,36,5,2,22.3
115,36,11,3,53.82
116,36,3,4,13.15
117,36,19,1,148.07
118,36,22,4,220.74
119,37,3,3,12.81
120,37,21,3,150.08
121,37,22,2,207.12
122,37,14,4,89.36
123,37,17,2,131.37
124,38,24,2,75.24
125,38,17,2,131.59
126,38,2,2,80.01
127,38,22,1,210.24
128,38,11,2,53.83
129,39,8,2,61.97
130,39,18,4,60.49
131,39,10,3,173.97
132,39,16,4,134.0
133,40,9,4,110.39
134,40,2,1,79.85
135,41,9,2,109.47
136,41,15,1,180.13
137,42,14,1,93.47
138,43,12,2,43.1
139,44,5,4,21.35
140,44,2,2,80.61
141,44,10,4,162.57
142,45,5,4,18.82
143,45,18,3,57.61
144,46,15,1,169.23
145,46,3,2,14.92
146,46,4,3,80.95
147,46,16,3,115.35
148,46,20,4,105.8
149,47,3,1,13.93
150,47,17,4,128.05
151,47,18,4,67.16
152,48,12,2,50.2
153,49,5,3,21.85
154,49,2,2,81.76
155,49,12,4,52.7
156,50,3,4,12.87
157,50,23,2,103.56
158,51,17,4,134.31
159,51,13,2,141.07
160,51,18,1,65.68
161,52,14,4,103.49
162,52,13,4,142.72
163,52,24,2,73.67
164,53,9,2,103.31
165,53,3,3,13.07
166,53,24,3,76.23
167,53,14,3,94.46
168,53,20,4,105.31
169,54,20,1,103.13
170,54,14,4,92.8
171,54,9,2,112.09
172,55,2,3,74.23
173,55,5,1,20.95
174,55,3,4,15.61
175,55,8,3,62.99
176,56,13,3,139.94
177,56,11,1,44.1
178,56,21,2,160.88
179,57,23,3,119.24
180,57,15,4,154.26
181,57,7,2,114.54
182,58,3,1,14.41
183,58,22,3,231.92
184,58,11,2,51.18
185,58,12,2,50.81
186,59,5,4,18.46
187,59,8,3,63.31
188,60,3,3,13.95
189,61,19,1,152.63
190,61,3,3,13.14
191,61,5,2,21.66
192,61,11,2,48.3
193,62,5,2,19.84
194,62,10,3,176.32
195,62,6,3,84.26
196,62,11,3,45.13
197,62,23,3,117.32
198,63,19,3,165.37
199,63,5,1,21.9
200,63,6,1,82.08
201,63,22,3,221.08
202,63,20,4,116.08
203,64,10,4,157.34
204,64,21,1,167.3
205,64,16,2,120.47
206,64,8,4,63.27
207,64,22,3,219.07
208,65,13,3,148.19
209,65,5,1,19.72
210,65,25,4,122.68
211,66,10,4,176.95
212,67,11,3,45.79
213,67,19,2,154.2
214,68,16,4,122.16
215,68,1,2,43.1
216,68,3,3,12.9
217,69,10,4,151.68
218,69,18,3,63.9
219,69,1,4,44.55
220,69,4,4,74.41
221,70,3,4,15.05
222,70,13,3,157.84
223,70,17,1,130.59
224,71,18,2,57.12
225,71,12,4,47.85
226,71,25,1,120.33
227,72,15,3,152.95
228,72,5,3,20.91
229,72,20,4,118.24
230,72,17,3,140.92
231,72,11,1,47.63
232,73,10,4,156.24
233,73,24,2,77.17
234,73,23,4,106.61
235,73,21,4,148.98
236,73,1,2,41.33
237,74,15,3,161.84
238,75,25,2,133.79
239,75,20,3,125.14
240,75,16,4,122.67
241,75,24,3,80.82
242,75,2,4,83.08
243,76,20,2,107.99
244,76,16,3,114.95
245,76,7,3,112.71
246,77,11,3,46.8
247,77,16,4,132.18
248,77,12,4,51.06
249,77,18,2,58.29
250,78,21,2,150.82
251,78,9,3,111.66
252,78,24,3,68.1
253,78,16,2,115.4
254,79,2,4,73.72
255,79,4,4,75.26
256,80,6,3,86.62
257,80,14,1,103.76
258,80,21,1,166.07
259,80,16,2,122.92
260,80,7,1,115.89
261,81,2,4,71.4
262,81,13,3,159.44
263,82,11,3,48.52
264,83,17,3,132.5
265,83,15,1,158.78
266,84,1,3,48.65
267,84,24,2,68.69
268,85,17,1,132.26
269,85,11,2,48.76
270,85,3,2,12.78
271,85,13,4,139.5
272,86,19,3,159.24
273,86,24,2,66.93
274,86,1,1,45.51
275,87,23,3,111.37
276,87,4,2,77.32
277,87,21,2,160.17
278,88,16,2,126.65
279,88,25,1,133.98
280,88,18,3,55.56
281,88,22,1,194.49
282,88,7,2,108.25
283,89,15,4,150.47
284,89,4,4,87.52
285,89,22,4,197.66
286,89,7,4,105.65
287,89,23,1,115.98
288,90,9,1,92.54
289,90,1,3,47.78
290,90,24,1,80.48
291,90,7,1,117.53
292,91,25,4,129.74
293,91,5,4,20.28
294,92,5,4,20.63
295,92,21,2,172.25
296,92,12,1,52.67
297,92,4,4,85.18
298,92,6,4,90.62
299,93,5,1,18.48
300,93,9,4,104.81
301,93,7,1,100.8
302,94,20,2,118.99
303,94,22,4,211.51
304,94,23,2,120.7
305,94,2,1,70.65
306,95,11,3,46.28
307,95,19,2,170.02
308,95,20,2,111.2
309,95,25,3,120.95
310,95,22,2,219.95
311,96,21,3,167.56
312,96,22,4,198.44
313,96,13,4,137.89
314,97,10,2,174.93
315,97,23,1,116.07
316,98,13,3,138.5
317,98,8,1,69.41
318,99,2,4,79.24
319,99,9,1,110.38
320,100,7,2,116.43
321,100,16,1,128.36
322,100,11,4,53.27
323,100,10,2,160.77
324,100,1,2,46.35
325,101,21,4,159.76
326,101,12,4,50.49
327,101,10,3,178.69
328,101,9,3,98.3
329,101,17,1,143.53
330,102,19,2,148.73
331,102,24,4,74.81
332,102,14,2,95.54
333,102,10,3,155.95
334,102,5,4,22.51
335,103,6,4,84.03
336,103,5,1,20.6
337,103,24,1,80.64
338,104,5,2,18.38
339,104,21,4,156.62
340,104,8,4,65.88
341,104,3,1,12.78
342,105,24,4,78.48
343,105,9,2,93.87
344,105,18,1,61.29
345,105,10,2,153.69
346,105,1,3,48.89
347,106,15,2,157.72
348,106,19,1,159.24
349,106,8,1,58.29
350,106,23,4,111.6
351,107,3,4,14.69
352,107,16,3,123.71
353,108,8,2,69.13
354,109,3,3,15.46
355,110,1,2,48.28
356,110,7,4,116.25
357,110,19,3,143.29
358,111,22,2,227.37
359,111,18,1,60.99
360,111,11,3,44.39
361,111,13,4,139.39
362,112,20,3,120.02
363,112,13,4,147.43
364,112,25,3,134.75
365,112,11,4,48.29
366,112,1,4,41.85
367,113,3,3,13.22
368,114,11,1,53.56
369,114,12,4,46.44
370,114,4,3,75.29
371,114,3,1,13.32
372,115,4,1,83.85
373,115,1,3,49.36
374,115,3,1,13.63
375,115,12,4,50.66
376,116,19,2,160.27
377,116,17,2,130.89
378,117,6,4,85.77
379,118,9,4,104.35
380,118,8,2,63.18
381,118,24,2,70.7
382,119,13,2,141.52
383,119,11,2,48.78
384,119,15,2,180.76
385,119,14,3,91.36
386,119,21,4,176.76
387,120,13,2,150.59
388,120,12,2,49.68
389,120,4,1,90.01
390,121,23,4,105.86
391,121,3,3,13.49
392,121,14,2,99.88
393,122,16,4,123.14
394,122,19,3,160.8
395,122,13,1,135.58
396,122,18,2,63.0
397,122,17,3,131.71
398,123,25,1,122.0
399,123,11,2,49.1
400,123,14,2,94.46
401,123,4,4,81.54
402,124,12,4,43.87
403,124,1,4,49.91
404,125,12,3,47.4
405,125,10,2,165.08
406,126,11,1,44.07
407,126,3,3,14.7
408,126,10,2,179.23
409,126,2,2,76.7
410,127,15,2,153.78
411,127,8,4,62.34
412,127,13,2,146.16
413,127,21,4,157.15
414,128,19,1,163.98
415,129,15,3,170.57
416,129,4,4,82.65
417,130,13,2,157.48
418,130,19,3,167.85
419,130,4,1,85.15
420,130,12,3,44.0
421,130,15,3,151.38
422,131,14,4,94.0
423,131,20,4,116.49
424,131,5,2,20.74
425,131,19,4,147.39
426,132,2,2,81.52
427,132,12,4,46.94
428,132,1,4,45.03
429,132,16,4,121.73
430,132,5,1,20.78
431,133,8,2,67.51
432,133,18,4,61.62
433,133,10,1,166.87
434,134,18,4,61.58
435,134,25,4,122.11
436,134,2,2,73.19
437,135,15,1,174.21
438,136,23,2,117.36
439,136,12,2,51.01
440,136,20,1,114.93
441,136,21,3,164.19
442,136,14,2,92.0
443,137,17,2,155.47
444,137,22,4,233.15
445,137,4,3,88.52
446,138,5,3,21.92
447,138,23,4,114.31
448,139,13,1,144.7
449,139,15,3,171.4
450,139,3,3,14.12
451,139,21,4,155.06
452,140,21,1,170.93
453,140,22,4,201.53
454,140,23,4,122.4
455,140,12,4,45.52
456,141,5,1,18.54
457,141,19,4,138.54
458,141,16,2,120.51
459,141,11,1,54.06
460,141,22,4,200.84
461,142,6,3,85.28
462,142,9,3,105.88
463,142,3,2,12.91
464,143,14,1,99.65
465,143,21,1,151.2
466,144,22,1,236.28
467,144,15,4,171.38
468,144,1,4,41.7
469,144,23,4,104.66
470,144,11,1,44.9
471,145,21,2,146.29
472,145,22,1,219.24
473,146,21,2,175.14
474,146,24,4,79.32
475,147,19,4,149.43
476,148,9,1,96.91
477,148,21,3,170.36
478,149,7,2,112.18
479,149,17,3,146.02
480,149,20,2,113.14
481,150,3,2,13.92
482,150,17,4,137.65
483,150,1,2,48.38
484,150,12,1,42.98
485,150,11,1,43.98
486,151,17,4,139.38
487,151,10,4,149.9
488,151,21,2,153.37
489,151,23,3,104.41
490,152,18,4,62.09
491,152,11,1,47.03
492,153,14,1,94.61
493,154,4,2,85.66
494,154,1,2,45.81
495,155,6,3,94.43
496,155,12,1,50.59
497,155,5,1,19.79
498,156,23,1,114.47
499,156,19,3,139.81
500,156,21,2,156.43
501,157,8,1,57.63
502,158,12,1,48.38
503,158,13,4,139.16
504,158,5,2,20.14
505,158,6,3,85.68
506,159,22,1,234.75
507,159,2,1,82.51
508,159,6,3,95.2
509,159,8,3,61.43
510,159,17,4,126.99
511,160,24,4,71.68
512,160,20,4,125.13
513,160,8,2,66.86
514,161,1,1,50.2
515,161,8,1,67.22
516,161,18,4,65.46
517,161,12,3,43.86
518,162,5,3,18.74
519,163,14,1,97.18
520,163,23,2,117.87
521,163,12,4,43.57
522,163,15,1,162.4
523,163,24,2,69.64
524,164,23,3,108.14
525,164,24,2,68.08
526,164,11,1,45.44
527,164,15,2,162.91
528,165,25,3,132.24
529,165,7,1,97.43
530,165,15,3,175.97
531,166,5,2,22.52
532,166,3,4,14.3
533,166,23,3,108.78
534,167,18,4,55.87
535,167,24,2,67.85
536,167,8,1,68.18
537,167,4,2,75.79
538,168,19,3,167.81
539,169,21,2,147.09
540,169,15,3,151.57
541,170,14,4,99.24
542,170,24,2,71.46
543,170,13,2,140.73
544,170,16,4,131.87
545,170,1,1,46.95
546,171,14,1,91.12
547,171,18,2,59.94
548,171,16,2,125.38
549,171,2,1,84.32
550,172,16,4,116.12
551,172,12,1,46.03
552,172,19,2,138.97
553,172,17,3,128.5
554,172,11,4,49.3
555,173,4,2,78.14
556,173,8,1,67.29
557,174,12,3,50.94
558,174,6,3,97.86
559,174,8,1,66.48
560,174,19,3,168.79
561,175,16,3,113.68
562,175,18,1,55.72
563,176,16,2,117.93
564,176,1,2,49.89
565,176,11,3,44.45
566,176,20,2,115.32
567,176,7,2,112.78
568,177,12,4,48.72
569,178,24,4,76.05
570,178,14,2,99.72
571,179,12,4,45.91
572,179,8,3,58.74
573,179,22,1,234.51
574,179,19,4,165.64
575,179,6,1,83.99
576,180,4,1,77.64
577,180,16,3,113.49
578,180,5,1,21.89
579,180,11,3,48.44
580,180,24,3,69.22
581,181,24,1,66.72
582,182,16,4,111.78
583,182,13,4,156.7
584,182,12,2,44.45
585,182,18,1,64.82
586,183,4,2,88.89
587,183,3,2,14.96
588,183,11,1,47.32
589,184,21,2,145.79
590,184,6,3,84.43
591,184,20,2,111.1
592,184,14,3,98.78
593,185,19,1,149.73
594,185,18,4,55.69
595,185,16,4,114.3
596,185,5,1,19.24
597,186,4,4,89.01
598,186,10,3,150.2
599,186,13,4,137.92
600,186,16,4,118.66
601,187,9,2,107.77
602,187,8,1,58.19
603,187,19,3,164.26
604,187,2,4,84.02
605,188,17,4,143.83
606,188,14,2,95.07
607,188,18,1,59.63
608,188,22,1,214.36
609,189,5,2,22.54
610,189,4,2,75.71
611,189,25,4,121.44
612,189,15,4,154.32
613,189,6,2,96.34
614,190,3,4,14.43
615,191,15,4,151.22
616,191,1,2,42.45
617,191,23,1,124.81
618,191,20,1,120.07
619,191,19,3,166.52
620,192,20,4,104.77
621,192,16,4,110.17
622,192,2,3,79.51
623,192,6,1,94.67
624,192,9,3,110.89
625,193,10,1,180.7
626,193,9,2,94.46
627,193,16,4,129.06
628,194,21,4,169.7
629,194,3,3,15.22
630,194,7,2,96.87
631,194,15,4,152.02
632,194,14,1,88.99
633,195,2,1,83.17
634,195,15,2,156.82
635,196,22,1,202.62
636,197,19,3,162.34
637,197,18,1,58.22
638,197,12,4,43.31
639,197,6,2,96.78
640,198,21,1,173.26
641,198,14,1,95.03
642,198,17,2,146.06
643,199,10,4,176.51
644,199,23,4,108.58
645,199,21,4,154.21
646,199,9,4,104.15
647,199,14,1,95.78
648,200,20,1,109.36
649,200,10,3,169.21
650,200,22,3,203.49
651,200,4,3,76.78
652,200,16,2,132.29
653,201,22,1,221.27
654,201,5,3,19.46
655,201,24,4,72.25
656,202,7,4,115.74
657,202,11,3,49.07
658,202,24,2,79.02
659,202,23,2,109.59
660,202,8,4,58.75
661,203,22,1,201.73
662,203,11,2,51.51
663,204,12,3,47.49
664,204,9,1,101.7
665,204,19,1,153.35
666,205,17,2,130.85
667,205,10,2,158.91
668,205,14,4,88.37
669,205,2,2,80.94
670,206,11,1,43.88
671,206,21,3,151.07
672,207,16,1,112.5
673,207,25,4,137.01
674,208,1,3,50.19
675,208,2,3,80.58
676,208,18,2,54.79
677,208,7,1,109.46
678,209,10,4,164.47
679,209,5,3,19.06
680,209,4,1,78.68
681,210,17,3,156.46
682,210,11,4,47.54
683,210,14,2,88.81
684,210,22,4,192.57
685,210,5,2,21.48
686,211,17,1,137.94
687,211,6,3,95.15
688,211,4,1,83.8
689,211,12,1,49.48
690,211,23,1,103.66
691,212,18,3,60.65
692,213,10,4,169.94
693,214,23,1,109.32
694,214,5,1,20.49
695,214,14,2,101.14
696,214,4,2,79.72
697,214,17,4,135.56
698,215,23,3,108.16
699,215,16,1,126.43
700,216,5,1,21.47
701,216,3,1,15.47
702,216,25,2,132.05
703,216,17,3,134.63
704,217,10,3,174.79
705,218,25,1,119.51
706,219,12,3,51.66
707,219,15,1,160.24
708,219,20,3,105.7
709,220,13,4,152.35
710,220,23,2,105.23
711,220,16,1,134.39
712,221,16,4,129.19
713,221,19,1,166.03
714,221,22,2,213.5
715,221,15,4,151.24
716,221,6,4,88.89
717,222,23,2,126.09
718,223,4,4,79.51
719,223,14,4,88.48
720,223,22,1,192.23
721,223,24,2,73.82
722,223,8,4,68.47
723,224,11,2,49.51
724,224,8,4,62.45
725,224,9,2,93.26
726,224,2,4,81.29
727,225,11,1,44.89
728,225,4,4,74.14
729,225,16,1,130.39
730,225,24,3,79.78
731,226,11,4,47.26
732,226,12,4,50.03
733,226,2,3,79.92
734,226,8,1,58.34
735,227,21,3,167.76
736,227,10,1,178.08
737,227,18,4,56.36
738,228,7,3,97.81
739,228,4,4,74.33
740,228,13,1,156.19
741,228,15,4,163.18
742,228,23,2,125.75
743,229,14,2,99.41
744,229,19,2,161.74
745,229,16,2,111.83
746,229,17,3,141.79
747,229,25,4,130.98
748,230,13,4,157.2
749,230,11,2,48.09
750,230,10,3,176.22
751,231,21,3,175.18
752,231,7,2,117.42
753,231,20,2,113.35
754,231,23,3,119.63
755,231,10,3,166.5
756,232,22,4,228.17
757,232,24,1,66.36
758,232,18,2,55.24
759,232,10,1,153.97
760,233,5,3,19.22
761,233,2,1,74.17
762,233,23,4,104.97
763,234,24,4,69.66
764,234,21,3,167.45
765,235,18,3,57.17
766,235,2,4,81.76
767,235,1,3,48.31
768,236,10,2,181.08
769,236,15,1,153.8
770,237,14,3,96.69
771,238,1,2,41.41
772,238,11,3,49.99
773,238,15,3,164.33
774,239,17,1,150.2
775,239,8,2,62.62
776,239,6,4,82.28
777,240,12,4,52.85
778,240,10,1,151.02
779,240,7,3,105.4
780,241,8,1,62.21
781,241,2,3,68.8
782,241,22,3,214.91
783,241,11,4,48.86
784,241,13,3,160.11
785,242,6,1,92.42
786,243,22,1,200.98
787,243,14,4,98.5
788,244,1,3,41.39
789,244,15,1,149.2
790,245,8,4,62.85
791,245,9,1,99.95
792,245,14,1,96.25
793,245,13,1,155.69
794,245,15,1,171.62
795,246,10,3,168.04
796,247,16,2,122.88
797,248,10,3,180.18
798,248,21,1,162.72
799,248,5,2,18.87
800,248,22,1,217.54
801,248,24,4,74.31
802,249,7,2,99.01
803,249,14,2,97.9
804,249,21,3,150.56
805,250,25,4,137.32
806,251,4,4,89.99
807,251,7,3,98.27
808,251,24,2,67.52
809,252,16,3,126.99
810,252,15,2,166.93
811,252,11,3,52.17
812,253,8,4,60.75
813,253,23,3,105.74
814,253,24,3,79.6
815,254,16,2,125.76
816,254,18,1,65.37
817,254,4,2,88.94
818,255,24,1,79.82
819,256,19,3,155.66
820,256,13,4,152.51
821,256,25,2,129.5
822,256,7,2,115.4
823,256,2,3,70.55
824,257,17,2,152.04
825,257,1,2,48.33
826,257,22,2,211.84
827,258,24,3,66.6
828,258,16,4,115.13
829,259,17,4,140.76
830,259,12,4,51.7
831,260,21,2,156.73
832,260,9,4,99.43
833,260,24,1,73.99
834,260,19,4,169.6
835,260,18,2,61.19
836,261,20,4,105.29
837,261,1,1,45.99
838,261,17,3,133.06
839,261,5,2,19.02
840,262,11,4,48.78
841,262,24,2,76.02
842,262,4,4,73.91
843,262,16,1,112.46
844,263,2,2,76.71
845,263,19,4,157.48
846,263,5,1,22.13
847,263,6,3,98.49
848,263,9,2,101.24
849,264,20,2,116.2
850,264,5,3,19.07
851,264,19,3,167.97
852,264,25,1,125.69
853,265,17,4,151.4
854,265,22,1,199.71
855,266,17,2,153.65
856,266,25,1,144.4
857,266,4,4,82.56
858,266,3,3,15.38
859,266,16,4,115.07
860,267,12,1,47.1
861,267,19,3,153.51
862,267,24,2,80.09
863,267,25,1,127.19
864,268,1,1,46.6
865,268,23,1,115.04
866,269,14,2,94.06
867,269,12,3,45.45
868,269,4,4,83.29
869,270,25,4,124.25
870,270,7,4,101.09
871,270,14,3,97.11
872,270,18,4,64.01
873,271,15,2,150.8
874,271,23,4,121.46
875,272,6,4,98.82
876,273,20,2,110.18
877,273,14,1,100.07
878,273,3,4,14.6
879,273,9,3,106.89
880,274,21,4,144.34
881,274,16,3,114.18
882,275,20,1,109.91
883,275,6,1,99.03
884,276,22,2,215.06
885,276,13,1,160.76
886,276,19,3,161.6
887,277,8,4,69.51
888,277,20,1,107.56
889,277,7,4,106.76
890,278,4,3,85.53
891,278,17,4,143.55
892,278,9,2,107.88
893,279,1,4,47.14
894,279,16,2,126.56
895,279,4,2,87.37
896,279,9,4,112.15
897,279,3,1,14.86
898,280,22,2,213.21
899,280,24,3,69.36
900,280,11,3,45.72
901,280,3,2,14.26
902,281,7,3,98.9
903,281,8,1,58.64
904,281,20,1,117.45
905,282,2,4,82.85
906,282,16,3,121.78
907,282,12,3,46.82
908,282,20,2,102.63
909,282,11,4,48.77
910,283,22,1,223.21
911,283,25,4,128.09
912,283,6,1,80.76
913,283,15,2,160.47
914,284,6,2,85.64
915,284,18,3,59.26
916,284,9,4,100.7
917,285,13,2,149.95
918,285,9,2,109.1
919,285,15,3,175.19
920,286,5,2,20.38
921,286,24,1,68.71
922,287,18,3,61.78
923,287,24,1,72.15
924,287,11,2,44.45
925,287,16,3,121.42
926,287,10,1,162.61
927,288,18,1,59.07
928,288,9,2,103.99
929,288,12,2,52.68
930,288,1,3,44.45
931,288,14,4,101.08
932,289,15,2,169.53
933,289,21,3,158.26
934,289,5,4,22.01
935,290,11,3,51.16
936,290,21,4,153.16
937,291,15,2,170.27
938,291,14,1,89.73
939,291,6,4,82.49
940,291,1,1,50.06
941,291,5,4,20.71
942,292,4,3,84.22
943,293,10,2,151.59
944,293,8,2,57.42
945,293,24,3,79.32
946,293,15,3,177.28
947,294,15,4,169.2
948,294,5,4,20.6
949,294,23,3,124.42
950,294,18,4,61.49
951,294,6,1,88.91
952,295,1,2,44.34
953,295,17,4,142.71
954,295,25,4,145.81
955,296,10,3,153.57
956,296,20,4,110.75
957,296,8,2,66.63
958,296,1,4,49.02
959,297,17,3,135.24
960,297,25,3,130.82
961,298,4,4,78.23
962,298,21,4,150.33
963,298,15,1,152.6
964,299,10,3,151.38
965,300,1,2,44.32
966,300,16,3,129.36
967,301,11,1,52.53
968,302,3,2,15.45
969,302,18,3,65.05
970,302,16,1,112.31
971,302,6,2,87.83
972,303,7,4,111.9
973,304,16,3,133.22
974,304,13,2,151.74
975,305,16,2,118.43
976,305,21,1,173.23
977,305,10,2,180.73
978,306,6,3,91.62
979,307,19,4,160.37
980,308,6,1,93.54
981,308,16,3,133.09
982,309,21,1,148.24
983,309,5,2,19.71
984,309,23,3,121.93
985,310,12,1,47.7
986,310,24,4,74.65
987,310,5,4,19.16
988,310,9,2,103.27
989,311,18,4,58.36
990,311,6,3,90.8
991,311,3,4,12.76
992,311,17,4,148.63
993,311,5,1,21.02
994,312,22,4,200.27
995,313,20,3,111.11
996,313,10,3,150.87
997,314,6,2,82.57
998,314,2,2,69.99
999,315,17,3,128.22
1000,315,20,2,115.79
1001,315,23,1,102.82
1002,315,19,2,159.31
1003,316,12,4,51.1
1004,317,9,3,93.24
1005,317,17,2,155.4
1006,317,2,1,70.03
1007,317,24,2,74.22
1008,317,3,2,13.34
1009,318,18,4,64.14
1010,318,24,3,76.44
1011,319,6,2,90.96
1012,320,20,3,121.48
1013,320,15,4,173.81
1014,320,12,4,51.14
1015,320,11,3,50.11
1016,320,18,2,59.38
1017,321,15,1,181.4
1018,321,13,1,148.27
1019,321,1,3,41.08
1020,321,24,2,69.3
1021,322,18,2,55.77
1022,322,17,4,137.36
1023,322,19,2,146.62
1024,323,10,4,166.74
1025,323,3,2,14.96
1026,323,19,3,163.76
1027,324,4,4,74.88
1028,324,20,1,123.32
1029,324,21,3,155.76
1030,324,10,4,161.46
1031,324,2,1,82.4
1032,325,21,4,145.81
1033,326,5,2,18.56
1034,326,11,4,53.85
1035,326,17,1,133.38
1036,326,23,3,121.47
1037,326,8,2,58.81
1038,327,18,4,57.93
1039,328,25,4,134.93
1040,328,5,4,20.05
1041,329,8,3,66.22
1042,329,3,1,13.1
1043,329,9,4,100.69
1044,329,25,3,124.58
1045,329,14,3,97.44
1046,330,20,4,102.41
1047,330,15,2,154.24
1048,330,5,3,19.02
1049,331,8,2,68.69
1050,332,10,4,163.35
1051,333,7,3,107.71
1052,333,18,2,63.48
1053,334,2,3,69.25
1054,334,9,1,93.0
1055,334,6,3,93.1
1056,334,10,3,176.95
1057,334,7,1,101.96
1058,335,17,4,152.6
1059,335,23,1,107.0
1060,335,4,4,83.22
1061,335,11,1,44.24
1062,336,13,3,153.46
1063,336,24,3,75.67
1064,336,6,2,99.41
1065,336,1,3,48.86
1066,337,18,3,57.46
1067,338,24,4,74.05
1068,339,14,2,94.07
1069,339,8,3,69.24
1070,340,21,2,173.19
1071,340,5,3,21.31
1072,341,25,2,128.15
1073,341,5,1,19.14
1074,341,21,2,168.6
1075,341,19,3,166.6
1076,342,5,1,18.91
1077,342,25,1,140.63
1078,342,7,3,108.99
1079,343,22,3,195.29
1080,343,1,4,42.32
1081,344,6,4,83.14
1082,344,13,2,139.21
1083,344,16,4,128.81
1084,345,24,2,77.73
1085,345,22,1,199.7
1086,346,23,4,112.27
1087,346,11,1,50.1
1088,346,15,4,172.29
1089,346,8,4,65.24
1090,347,21,4,159.45
1091,347,23,1,123.67
1092,347,2,2,76.75
1093,347,17,4,156.09
1094,347,4,1,83.17
1095,348,10,4,177.65
1096,348,15,3,163.31
1097,349,23,2,113.68
1098,350,4,2,80.33
1099,350,6,3,89.08
1100,350,25,2,131.97
1101,350,19,2,166.67
1102,350,23,1,108.53
1103,351,23,1,104.7
1104,351,24,4,75.81
1105,352,20,2,123.09
1106,352,6,2,83.61
1107,352,13,2,137.74
1108,352,18,1,59.95
1109,352,2,3,80.15
1110,353,4,2,73.59
1111,353,5,3,18.4
1112,354,20,4,107.01
1113,355,15,2,177.9
1114,355,3,3,14.62
1115,355,20,2,102.5
1116,355,1,2,41.55
1117,356,22,3,206.64
1118,357,6,3,92.12
1119,357,22,2,235.3
1120,358,3,3,13.73
1121,359,18,2,56.13
1122,359,3,3,13.75
1123,359,10,4,165.2
1124,359,16,2,124.9
1125,360,3,3,14.04
1126,360,16,3,115.84
1127,360,24,3,80.36
1128,360,23,4,115.04
1129,360,20,4,113.08
1130,361,7,1,105.83
1131,361,1,1,48.14
1132,361,4,2,87.36
1133,362,18,1,62.79
1134,362,21,3,152.59
1135,362,7,1,102.3
1136,363,4,3,79.43
1137,364,6,2,86.8
1138,365,2,2,78.49
1139,365,21,3,159.64
1140,365,5,4,22.35
1141,365,16,1,130.63
1142,366,18,3,64.83
1143,366,1,3,41.66
1144,366,7,2,101.69
1145,367,6,3,93.9
1146,367,19,3,161.07
1147,367,20,3,111.21
1148,367,13,4,159.45
1149,367,4,3,81.34
1150,368,6,1,95.28
1151,368,4,1,81.2
1152,368,12,1,50.86
1153,369,16,3,129.1
1154,369,24,2,77.91
1155,369,17,1,151.27
1156,370,7,1,105.71
1157,370,24,1,66.03
1158,371,3,3,12.83
1159,371,11,3,50.42
1160,371,15,2,158.44
1161,371,2,2,73.01
1162,371,4,3,86.89
1163,372,9,1,112.21
1164,372,4,1,77.1
1165,373,23,2,106.63
1166,373,10,3,168.27
1167,374,1,1,42.04
1168,374,16,1,111.39
1169,375,21,3,155.23
1170,375,23,2,119.7
1171,375,15,1,181.07
1172,375,20,4,114.88
1173,375,12,1,51.0
1174,376,10,4,163.33
1175,376,22,2,198.19
1176,376,21,3,174.9
1177,376,23,4,106.92
1178,377,15,1,163.8
1179,377,16,3,121.47
1180,377,1,2,43.75
1181,378,4,1,87.23
1182,378,13,4,144.64
1183,378,23,4,108.26
1184,378,11,2,49.49
1185,378,18,4,59.49
1186,379,14,2,88.97
1187,379,19,1,162.02
1188,379,11,4,45.01
1189,379,18,4,58.74
1190,379,23,1,122.33
1191,380,20,1,117.68
1192,381,3,2,15.21
1193,382,25,2,137.78
1194,383,19,3,156.53
1195,383,15,3,179.16
1196,383,7,4,111.51
1197,383,22,3,236.38
1198,383,11,1,50.14
1199,384,2,1,68.41
1200,384,12,3,43.92
1201,384,18,3,65.68
1202,385,21,4,156.9
1203,385,11,2,50.67
1204,385,23,4,105.86
1205,385,13,4,158.4
1206,386,5,1,21.14
1207,386,1,2,47.98
1208,387,3,4,15.34
1209,387,5,4,21.03
1210,388,13,4,150.98
1211,388,12,4,51.35
1212,388,8,2,66.59
1213,388,6,3,88.32
1214,389,19,4,160.9
1215,390,5,3,20.35
1216,391,8,4,65.5
1217,392,19,1,153.24
1218,392,10,4,166.91
1219,392,20,3,111.38
1220,392,2,3,73.05
1221,392,11,1,51.0
1222,393,9,2,103.9
1223,393,2,3,81.42
1224,393,21,1,153.69
1225,393,16,1,112.43
1226,393,19,1,165.66
1227,394,9,1,104.57
1228,394,1,2,47.38
1229,394,24,3,78.51
1230,395,17,3,156.1
1231,395,2,2,77.98
1232,396,25,4,139.61
1233,396,13,2,138.73
1234,396,8,3,57.76
1235,396,22,3,225.79
1236,397,16,2,118.93
1237,397,10,4,163.47
1238,397,24,2,74.2
1239,397,25,4,119.57
1240,398,17,1,154.12
1241,398,22,3,234.84
1242,398,2,4,78.22
1243,399,4,4,81.5
1244,399,9,2,107.38
1245,399,21,2,161.59
1246,400,18,1,65.24
1247,400,1,1,44.99
1248,400,22,1,222.63
1249,401,7,1,96.67
1250,401,2,2,83.7
1251,401,1,1,47.86
1252,402,13,2,160.04
1253,402,22,2,203.14
1254,403,9,3,97.11
1255,403,25,1,127.02
1256,403,14,1,93.19
1257,403,23,3,126.52
1258,404,16,2,124.85
1259,405,18,4,57.37
1260,405,25,1,144.84
1261,406,3,3,15.09
1262,407,2,4,72.69
1263,408,1,4,45.23
1264,408,17,1,142.86
1265,408,23,1,111.77
1266,408,25,4,122.64
1267,408,16,3,117.74
1268,409,12,3,43.63
1269,410,18,4,63.04
1270,410,2,3,79.6
1271,411,16,4,128.06
1272,411,3,2,12.87
1273,411,21,1,168.35
1274,412,18,3,60.98
1275,413,2,3,69.3
1276,414,21,4,175.82
1277,414,22,2,225.14
1278,415,16,1,121.28
1279,415,21,1,152.19
1280,416,10,1,162.83
1281,417,4,4,83.82
1282,418,14,4,92.02
1283,418,11,2,47.15
1284,419,6,2,94.89
1285,419,11,2,51.02
1286,419,3,2,14.08
1287,419,4,1,75.83
1288,419,9,4,108.32
1289,420,6,1,93.93
1290,421,23,3,115.12
1291,421,5,4,19.38
1292,421,7,2,109.1
1293,421,21,1,164.17
1294,422,21,3,155.76
1295,423,17,1,145.21
1296,424,25,3,120.73
1297,424,21,1,170.96
1298,424,22,4,214.15
1299,424,7,2,110.44
1300,425,7,3,109.24
1301,425,14,4,86.36
1302,425,9,1,111.49
1303,426,17,4,144.43
1304,426,4,3,80.77
1305,426,3,3,13.45
1306,426,8,1,61.41
1307,427,13,1,146.82
1308,427,8,4,57.76
1309,428,15,4,172.27
1310,428,6,3,99.02
1311,428,13,2,142.62
1312,428,12,1,49.79
1313,428,5,1,19.55
1314,429,25,2,144.11
1315,429,11,2,51.98
1316,430,18,4,65.63
1317,430,8,2,64.97
1318,430,3,4,13.6
1319,430,14,4,100.3
1320,430,17,2,134.14
1321,431,5,1,22.62
1322,431,19,1,151.84
1323,431,1,4,45.65
1324,431,14,1,94.59
1325,431,2,2,69.74
1326,432,7,2,109.93
1327,432,5,1,18.41
1328,432,12,3,44.44
1329,432,10,4,176.73
1330,433,15,4,153.73
1331,433,25,3,136.82
1332,433,5,1,22.06
1333,433,23,1,111.78
1334,434,14,2,101.34
1335,434,25,1,136.65
1336,434,9,3,107.41
1337,435,2,3,75.89
1338,435,4,1,79.85
1339,435,13,2,152.33
1340,436,5,2,20.67
1341,436,11,4,51.44
1342,437,25,2,128.23
1343,437,24,3,73.78
1344,438,12,1,47.55
1345,438,15,3,162.99
1346,438,16,3,129.72
1347,439,7,4,97.36
1348,440,4,2,78.3
1349,441,17,1,135.5
1350,441,21,2,160.03
1351,442,10,2,149.23
1352,443,21,4,159.49
1353,443,11,2,53.1
1354,443,14,3,88.95
1355,443,19,3,145.38
1356,443,16,3,134.11
1357,444,15,2,172.0
1358,444,6,3,83.99
1359,444,20,2,121.35
1360,445,8,1,70.37
1361,445,4,2,81.15
1362,446,22,3,235.83
1363,447,18,1,66.38
1364,447,10,4,179.26
1365,448,5,3,21.14
1366,448,1,3,45.6
1367,448,24,3,81.02
1368,449,24,4,79.94
1369,449,15,2,170.82
1370,449,11,1,47.01
1371,449,23,4,117.39
1372,449,4,2,81.24
1373,450,19,2,163.39
1374,450,17,3,132.59
1375,451,17,4,132.55
1376,452,22,3,209.64
1377,453,1,3,43.99
1378,453,10,4,177.3
1379,453,12,1,44.99
1380,454,15,4,172.58
1381,454,10,4,151.88
1382,454,6,1,83.26
1383,454,24,3,73.34
1384,455,19,4,140.89
1385,456,6,2,84.31
1386,456,18,4,58.28
1387,456,15,4,148.79
1388,456,23,3,122.63
1389,457,8,3,69.86
1390,457,1,4,42.22
1391,457,5,3,20.14
1392,457,9,4,111.1
1393,458,16,3,124.1
1394,458,3,4,15.37
1395,458,20,4,124.57
1396,459,1,2,44.11
1397,459,9,2,99.26
1398,459,6,1,85.7
1399,459,19,4,158.68
1400,459,2,3,69.18
1401,460,17,2,149.61
1402,461,18,3,65.18
1403,461,11,3,46.63
1404,462,19,3,150.13
1405,462,12,4,46.96
1406,462,5,2,18.79
1407,462,1,2,45.88
1408,462,17,2,150.47
1409,463,18,4,66.32
1410,463,23,1,122.25
1411,463,25,1,132.69
1412,463,4,3,85.48
1413,463,14,2,101.93
1414,464,6,1,94.65
1415,464,23,1,107.86
1416,464,10,2,170.86
1417,465,14,1,87.06
1418,466,7,1,96.13
1419,467,4,3,85.07
1420,467,9,1,108.42
1421,467,2,2,77.86
1422,467,3,2,13.31
1423,468,19,2,154.41
1424,468,12,1,43.81
1425,468,6,1,90.56
1426,469,25,1,146.55
1427,469,18,1,66.43
1428,470,12,4,49.6
1429,470,23,1,106.86
1430,470,19,3,169.88
1431,470,6,4,84.6
1432,471,4,2,82.1
1433,471,15,3,171.75
1434,471,17,1,129.2
1435,472,20,4,106.72
1436,472,24,4,70.48
1437,472,10,4,153.58
1438,472,22,1,232.07
1439,473,6,4,93.27
1440,473,1,4,45.25
1441,473,22,1,197.09
1442,474,24,2,66.97
1443,475,13,4,140.84
1444,475,4,3,86.61
1445,475,8,4,61.81
1446,475,14,4,105.36
1447,475,24,3,68.26
1448,476,16,1,111.73
1449,476,8,1,68.18
1450,476,21,4,166.94
1451,476,5,2,19.99
1452,477,20,4,120.24
1453,477,4,2,78.6
1454,477,25,4,132.99
1455,477,3,3,14.39
1456,477,22,1,234.68
1457,478,13,4,141.96
1458,479,6,3,97.3
1459,480,23,1,116.22
1460,480,13,4,152.7
1461,480,16,4,121.4
1462,481,9,3,108.07
1463,481,16,3,117.41
1464,481,19,1,157.19
1465,481,13,2,158.2
1466,482,13,3,163.02
1467,482,4,4,79.6
1468,482,14,2,90.47
1469,483,10,1,158.73
1470,484,22,4,203.74
1471,484,14,4,97.32
1472,484,19,3,150.28
1473,484,17,4,136.37
1474,485,11,3,45.55
1475,485,16,3,118.51
1476,486,18,2,58.25
1477,487,8,1,64.98
1478,487,20,3,102.94
1479,487,24,4,72.6
1480,487,3,3,15.15
1481,488,14,3,89.52
1482,488,22,4,203.04
1483,488,18,4,63.18
1484,489,6,4,85.61
1485,489,19,4,168.37
1486,489,16,1,122.59
1487,489,7,3,105.78
1488,489,22,2,198.5
1489,490,11,4,46.59
1490,490,3,3,14.7
1491,490,21,3,167.24
1492,490,7,2,104.51
1493,491,10,4,166.42
1494,491,15,4,161.95
1495,492,5,3,21.19
1496,492,1,2,47.24
1497,492,9,1,112.33
1498,493,11,3,52.78
1499,494,13,2,139.52
1500,495,22,4,231.61
1501,495,19,2,157.49
1502,495,25,3,128.48
1503,495,17,4,150.79
1504,495,9,2,111.72
1505,496,9,4,97.04
1506,496,15,1,164.32
1507,497,18,2,66.93
1508,497,14,2,92.8
1509,497,16,3,130.27
1510,498,2,3,77.3
1511,498,24,3,75.89
1512,498,22,3,232.45
1513,498,23,1,115.4
1514,498,8,2,68.54
1515,499,9,2,97.97
1516,499,10,2,178.74
1517,499,3,3,15.4
1518,499,25,4,141.38
1519,500,16,4,131.7
1520,500,24,1,78.76
1521,500,14,3,95.68
1522,500,11,3,48.18
1523,501,23,2,117.7
1524,501,1,2,41.05
1525,501,25,2,136.87
1526,501,2,3,77.67
1527,502,20,4,120.24
1528,502,22,3,212.07
1529,503,11,3,45.71
1530,503,10,4,179.74
1531,503,7,2,95.86
1532,503,3,1,15.53
1533,503,14,2,103.74
1534,504,2,4,78.06
1535,504,13,2,134.94
1536,505,1,4,48.49
1537,506,4,2,89.89
1538,506,8,3,60.9
1539,506,23,4,111.72
1540,506,7,4,114.62
1541,507,24,4,68.77
1542,507,22,2,193.01
1543,507,7,3,100.68
1544,508,3,3,15.68
1545,508,1,4,47.65
1546,508,16,4,127.37
1547,508,5,3,18.66
1548,509,16,1,109.31
1549,509,12,4,45.86
1550,510,2,4,83.37
1551,510,19,4,142.3
1552,510,6,3,94.0
1553,510,9,4,94.62
1554,510,17,1,136.09
1555,511,24,3,79.98
1556,511,12,3,48.99
1557,511,14,3,95.89
1558,512,25,4,120.73
1559,512,5,2,18.58
1560,512,18,2,55.02
1561,512,22,3,199.09
1562,513,2,4,75.77
1563,513,15,1,176.64
1564,513,12,2,44.06
1565,513,23,1,107.42
1566,514,9,2,100.53
1567,514,19,1,146.01
1568,514,22,4,222.24
1569,514,7,3,95.98
1570,514,1,1,44.83
1571,515,1,4,49.04
1572,515,3,4,14.12
1573,516,11,1,50.6
1574,517,5,3,21.79
1575,517,7,1,107.68
1576,517,2,4,69.89
1577,517,21,3,150.0
1578,517,10,4,150.14
1579,518,10,1,157.38
1580,518,21,4,168.9
1581,518,25,3,144.59
1582,518,5,2,19.89
1583,519,15,4,150.45
1584,519,13,4,157.4
1585,519,16,2,120.33
1586,519,9,4,93.56
1587,520,21,2,175.5
1588,520,22,1,204.82
1589,521,10,4,157.27
1590,521,5,1,20.72
1591,521,22,1,214.87
1592,521,8,4,62.58
1593,522,12,1,50.56
1594,522,9,1,94.02
1595,522,19,4,143.85
1596,523,23,4,120.77
1597,523,10,4,168.63
1598,523,11,3,47.36
1599,523,19,2,144.87
1600,524,14,1,85.61
1601,525,15,4,157.82
1602,525,23,3,119.16
1603,525,13,4,157.2
1604,525,22,1,197.35
1605,526,23,2,123.22
1606,527,14,2,87.22
1607,527,21,4,148.99
1608,528,24,4,80.93
1609,528,23,4,102.97
1610,529,19,3,138.27
1611,529,13,4,162.64
1612,529,2,4,80.26
1613,530,16,4,121.66
1614,531,8,1,62.7
1615,531,23,3,115.84
1616,531,2,3,82.77
1617,531,17,4,153.27
1618,532,15,1,152.91
1619,532,23,2,113.82
1620,532,14,4,90.16
1621,533,20,4,104.46
1622,533,23,3,119.94
1623,533,22,4,235.0
1624,534,16,2,116.43
1625,534,6,1,93.18
1626,534,20,2,105.47
1627,535,16,1,134.84
1628,535,10,3,177.53
1629,535,8,3,66.12
1630,535,7,2,113.98
1631,536,11,4,45.01
1632,537,9,1,108.15
1633,537,11,3,53.08
1634,537,12,1,49.93
1635,537,25,4,141.65
1636,538,20,1,105.32
1637,538,4,1,88.59
1638,538,18,3,56.58
1639,538,2,3,79.8
1640,538,17,4,148.6
1641,539,5,4,22.53
1642,539,4,1,77.77
1643,539,7,4,103.06
1644,540,23,3,117.68
1645,540,25,2,123.49
1646,540,14,4,101.33
1647,541,15,1,162.66
1648,541,17,1,148.15
1649,541,22,1,195.53
1650,541,12,3,46.86
1651,542,25,2,144.56
1652,542,2,1,84.14
1653,542,22,3,210.62
1654,542,21,3,168.42
1655,543,17,4,140.06
1656,543,20,2,122.5
1657,543,5,4,21.35
1658,544,10,1,165.65
1659,544,3,4,14.94
1660,545,10,3,165.09
1661,545,7,2,95.92
1662,545,3,3,13.48
1663,545,17,3,148.42
1664,545,18,1,63.96
1665,546,12,1,47.34
1666,546,4,1,81.36
1667,546,2,2,81.36
1668,546,25,2,129.07
1669,546,21,3,166.57
1670,547,17,3,142.15
1671,547,24,2,78.74
1672,547,8,3,63.13
1673,547,4,2,85.84
1674,548,14,2,95.07
1675,549,13,4,159.29
1676,549,19,4,158.68
1677,549,18,4,63.41
1678,549,17,4,148.57
1679,549,25,4,142.35
1680,550,5,2,20.31
1681,550,23,1,120.51
1682,550,17,3,154.24
1683,550,4,1,83.93
1684,551,10,3,157.6
1685,551,2,3,73.28
1686,551,17,4,127.59
1687,551,5,2,18.96
1688,551,4,4,74.37
1689,552,6,4,80.58
1690,552,24,3,67.02
1691,553,19,4,153.45
1692,553,15,2,173.73
1693,553,11,4,51.69
1694,554,3,4,13.92
1695,554,20,4,109.42
1696,554,22,1,234.93
1697,555,6,1,91.38
1698,556,21,1,150.49
1699,557,19,2,162.39
1700,558,6,4,82.14
1701,558,1,3,44.9
1702,558,9,1,102.15
1703,558,7,1,103.03
1704,558,8,2,62.6
1705,559,3,2,13.62
1706,559,4,2,77.95
1707,559,18,1,56.54
1708,560,20,3,105.66
1709,561,11,2,48.09
1710,562,2,2,72.26
1711,563,25,1,128.17
1712,563,17,4,128.7
1713,563,13,1,144.85
1714,563,4,2,89.33
1715,563,9,1,97.36
1716,564,25,2,127.78
1717,564,18,4,60.29
1718,565,12,2,50.69
1719,565,18,4,66.9
1720,566,20,1,102.77
1721,566,10,4,156.51
1722,566,21,3,172.41
1723,566,6,4,99.47
1724,567,10,1,157.45
1725,567,2,4,79.64
1726,567,6,2,94.28
1727,567,24,3,79.6
1728,567,18,2,62.4
1729,568,21,4,153.22
1730,568,9,3,98.92
1731,568,25,4,146.14
1732,569,21,4,144.12
1733,569,1,1,47.51
1734,570,25,1,134.35
1735,570,13,4,153.08
1736,570,18,3,67.04
1737,570,3,4,15.24
1738,571,4,4,79.93
1739,572,25,3,138.33
1740,573,21,3,145.22
1741,573,10,4,178.35
1742,573,23,2,102.67
1743,573,8,4,58.52
1744,573,16,3,123.79
1745,574,22,2,225.36
1746,574,20,2,107.53
1747,574,19,2,166.62
1748,574,6,3,84.17
1749,574,3,1,15.74
1750,575,22,1,234.02
1751,575,18,1,65.52
1752,575,15,3,162.32
1753,576,15,1,177.96
1754,576,16,2,110.38
1755,576,12,4,48.18
1756,576,17,3,126.91
1757,576,25,2,128.63
1758,577,23,1,124.62
1759,577,14,2,88.8
1760,578,1,4,45.19
1761,579,9,4,96.7
1762,579,8,3,68.21
1763,579,4,3,82.52
1764,580,15,1,150.29
1765,580,25,1,144.96
1766,580,4,4,78.94
1767,580,21,1,170.49
1768,580,19,1,167.86
1769,581,3,1,13.64
1770,581,4,4,80.47
1771,581,22,4,202.22
1772,581,2,1,75.7
1773,582,4,4,82.47
1774,582,11,2,44.95
1775,582,21,1,164.14
1776,582,22,1,218.45
1777,582,1,2,49.75
1778,583,14,4,89.23
1779,583,16,2,129.65
1780,583,24,1,67.95
1781,584,10,2,152.15
1782,584,19,3,157.61
1783,584,18,3,59.3
1784,585,2,1,75.19
1785,585,8,2,70.14
1786,586,7,4,108.86
1787,586,22,3,230.14
1788,586,16,3,125.0
1789,587,2,2,79.56
1790,587,16,4,125.2
1791,587,8,2,63.49
1792,587,1,3,48.81
1793,588,12,1,43.56
1794,589,15,3,148.84
1795,589,7,1,99.87
1796,589,21,3,149.87
1797,590,18,2,54.84
1798,590,8,3,69.26
1799,590,6,1,96.29
1800,591,11,2,46.98
1801,592,17,4,152.95
1802,592,20,1,104.16
1803,593,18,3,58.64
1804,593,13,4,162.56
1805,594,7,2,96.59
1806,594,18,3,65.77
1807,594,10,4,154.29
1808,594,5,1,21.73
1809,594,11,1,45.56
1810,595,16,2,117.44
1811,595,17,3,142.42
1812,595,15,4,172.13
1813,596,21,2,174.29
1814,596,19,4,166.05
1815,596,2,4,71.92
1816,596,7,4,115.34
1817,597,9,2,107.75
1818,597,18,3,60.27
1819,597,3,3,13.45
1820,598,14,4,91.87
1821,598,15,4,148.18
1822,598,12,4,45.17
1823,599,10,1,174.24
1824,600,12,1,48.32
1825,601,10,3,153.65
1826,601,24,2,81.47
1827,601,25,3,119.48
1828,602,13,1,146.85
1829,602,19,2,166.12
1830,602,25,2,125.6
1831,602,21,2,160.05
1832,603,24,3,79.1
1833,603,15,4,174.02
1834,603,11,4,46.0
1835,603,3,4,15.32
1836,604,10,1,164.34
1837,604,24,3,71.24
1838,605,25,3,135.71
1839,605,23,1,124.74
1840,605,18,2,67.11
1841,605,10,3,166.71
1842,606,13,1,142.4
1843,606,7,4,109.74
1844,606,3,3,13.04
1845,606,18,1,63.23
1846,606,16,2,110.0
1847,607,7,4,101.77
1848,607,3,2,13.63
1849,608,17,3,152.39
1850,608,1,4,44.8
1851,608,6,1,82.98
1852,609,7,4,98.96
1853,609,5,3,20.88
1854,609,10,4,156.58
1855,609,14,1,105.43
1856,610,8,4,63.24
1857,610,17,1,148.74
1858,610,11,3,50.5
1859,610,19,4,149.28
1860,610,16,3,119.22
1861,611,20,4,112.25
1862,611,24,2,76.81
1863,612,8,2,60.71
1864,613,23,2,124.42
1865,614,3,3,13.99
1866,614,25,2,126.33
1867,614,4,1,81.52
1868,615,13,4,133.35
1869,615,11,3,45.02
1870,615,24,2,71.05
1871,615,7,4,106.28
1872,616,23,2,113.86
1873,616,15,3,176.49
1874,617,10,4,152.88
1875,617,4,1,85.24
1876,618,23,2,113.16
1877,618,2,1,81.86
1878,619,13,3,145.98
1879,620,25,2,124.85
1880,620,7,1,104.86
1881,620,8,1,61.56
1882,620,12,2,49.66
1883,621,22,2,224.37
1884,622,11,2,50.28
1885,622,18,4,66.62
1886,622,21,1,151.85
1887,623,13,3,132.55
1888,624,21,1,146.25
1889,624,20,2,111.14
1890,624,12,4,52.72
1891,625,6,4,93.38
1892,625,9,2,98.72
1893,625,4,3,90.44
1894,625,20,4,102.95
1895,625,11,1,50.11
1896,626,17,1,133.69
1897,626,19,1,148.04
1898,627,3,3,13.36
1899,627,2,4,71.69
1900,627,5,1,19.37
1901,627,12,4,50.26
1902,627,16,3,112.62
1903,628,17,4,146.08
1904,629,11,1,53.19
1905,629,8,2,67.79
1906,629,7,2,109.04
1907,630,21,1,176.28
1908,630,1,1,47.14
1909,630,3,2,15.58
1910,630,16,2,111.53
1911,631,8,1,62.76
1912,631,17,4,136.04
1913,632,20,3,108.14
1914,632,8,4,70.02
1915,633,3,4,14.08
1916,633,12,4,50.47
1917,633,13,4,132.79
1918,633,6,4,88.64
1919,634,18,2,57.86
1920,634,24,4,70.72
1921,635,3,4,13.35
1922,635,11,2,43.88
1923,635,5,3,20.46
1924,635,23,4,125.18
1925,636,21,4,173.95
1926,636,19,1,150.51
1927,636,3,2,13.34
1928,637,17,3,147.52
1929,637,23,4,124.85
1930,637,16,2,115.4
1931,638,23,2,108.8
1932,639,20,2,101.63
1933,639,19,1,158.94
1934,640,3,4,13.52
1935,640,17,3,141.68
1936,640,7,4,108.55
1937,640,14,4,100.63
1938,640,6,1,82.61
1939,641,24,3,66.07
1940,641,7,2,113.72
1941,641,13,1,135.19
1942,642,21,2,149.95
1943,642,10,2,171.41
1944,642,24,2,73.52
1945,642,14,1,94.56
1946,643,24,2,78.53
1947,644,15,2,150.09
1948,644,21,1,156.77
1949,644,20,3,102.87
1950,644,4,1,83.66
1951,645,1,1,43.59
1952,646,4,2,82.56
1953,647,16,4,117.82
1954,647,25,3,147.28
1955,647,11,2,53.54
1956,648,12,3,50.94
1957,649,24,1,79.46
1958,649,5,3,22.45
1959,649,1,2,44.58
1960,649,20,4,113.61
1961,650,1,1,50.38
1962,650,21,3,166.94
1963,650,12,2,48.93
1964,651,14,1,100.26
1965,651,16,3,124.77
1966,651,22,2,230.95
1967,652,2,4,71.1
1968,652,5,4,22.47
1969,652,16,4,126.2
1970,652,3,2,13.49
1971,652,10,2,173.11
1972,653,23,4,120.98
1973,653,1,2,47.96
1974,653,6,4,98.57
1975,653,11,1,50.7
1976,654,3,1,14.69
1977,654,23,4,124.45
1978,654,11,4,50.58
1979,654,8,4,67.88
1980,655,4,1,79.41
1981,656,19,3,142.15
1982,657,10,1,167.47
1983,658,25,2,133.82
1984,658,12,2,43.89
1985,658,22,1,215.99
1986,659,8,4,59.01
1987,659,16,3,112.92
1988,659,22,1,218.72
1989,660,9,4,105.16
1990,661,2,2,82.05
1991,661,11,2,51.06
1992,661,5,1,22.33
1993,661,23,2,123.17
1994,662,1,4,44.28
1995,662,18,4,67.28
1996,663,24,4,67.48
1997,663,10,3,173.08
1998,663,23,1,123.0
1999,663,7,3,105.67
2000,663,18,2,61.97
2001,664,7,2,111.9
2002,664,24,1,71.59
2003,665,13,2,160.97
2004,665,14,1,92.65
2005,666,17,3,144.45
2006,667,8,4,61.1
2007,667,2,2,78.91
2008,667,4,4,86.95
2009,667,13,1,156.36
2010,668,12,1,47.74
2011,668,1,2,41.24
2012,668,4,4,78.26
2013,668,3,1,15.14
2014,669,10,3,149.25
2015,669,19,2,151.18
2016,669,5,1,20.04
2017,669,4,4,74.63
2018,670,25,2,146.33
2019,671,23,3,105.47
2020,671,6,2,91.44
2021,671,1,2,41.87
2022,671,18,3,65.49
2023,671,15,1,150.25
2024,672,6,3,81.41
2025,672,14,3,98.75
2026,672,22,4,198.02
2027,672,1,4,47.73
2028,672,8,3,65.17
2029,673,8,1,59.56
2030,674,18,2,63.92
2031,674,7,4,97.06
2032,674,19,3,146.48
2033,674,12,2,46.84
2034,674,9,1,111.92
2035,675,18,1,62.64
2036,675,7,3,117.74
2037,676,19,2,151.64
2038,676,22,2,205.98
2039,676,21,4,156.81
2040,677,4,4,74.67
2041,677,18,1,59.22
2042,677,22,3,226.81
2043,678,13,2,143.95
2044,679,19,3,160.76
2045,679,16,3,123.34
2046,679,4,1,89.04
2047,680,6,4,89.57
2048,680,12,2,45.42
2049,680,24,2,76.18
2050,680,22,2,208.8
2051,681,23,4,119.55
2052,681,25,2,131.55
2053,681,8,3,67.75
2054,682,17,1,155.01
2055,682,23,4,121.09
2056,682,8,1,65.55
2057,682,10,1,172.31
2058,683,3,3,14.42
2059,684,22,4,214.16
2060,684,17,1,138.84
2061,684,24,2,80.11
2062,684,5,1,21.43
2063,685,24,1,75.4
2064,685,22,2,222.14
2065,686,3,2,14.3
2066,686,12,1,47.07
2067,687,11,2,52.41
2068,688,10,4,154.57
2069,688,9,3,111.58
2070,688,7,1,116.39
2071,688,1,4,41.58
2072,689,12,3,51.78
2073,689,4,2,80.48
2074,689,1,1,42.0
2075,690,5,2,21.66
2076,690,14,3,90.04
2077,690,4,4,80.0
2078,690,16,3,120.18
2079,690,1,2,46.2
2080,691,6,4,80.65
2081,691,5,2,18.82
2082,691,12,3,43.22
2083,691,24,4,72.5
2084,692,16,3,112.23
2085,692,22,4,216.52
2086,693,25,4,122.93
2087,693,13,1,156.83
2088,693,17,2,131.39
2089,694,2,3,75.31
2090,694,22,1,211.3
2091,695,8,2,60.38
2092,695,20,1,121.94
2093,695,5,2,21.22
2094,695,24,4,69.05
2095,696,20,2,106.81
2096,696,6,2,88.14
2097,696,7,3,117.63
2098,696,19,2,151.86
2099,696,21,2,147.05
2100,697,23,2,110.61
2101,697,21,4,146.05
2102,697,8,4,65.68
2103,698,12,2,46.04
2104,698,23,1,106.88
2105,698,14,1,86.54
2106,699,9,2,97.0
2107,699,20,4,110.01
2108,699,4,3,75.45
2109,699,14,1,99.23
2110,700,24,3,69.67
2111,700,25,3,125.13
2112,700,19,4,140.85
2113,701,4,2,85.72
2114,701,2,1,69.6
2115,701,19,3,147.8
2116,701,21,4,177.5
2117,701,7,2,107.37
2118,702,18,3,66.05
2119,702,23,4,117.69
2120,702,9,1,111.19
2121,702,25,1,132.78
2122,703,20,2,108.24
2123,703,9,1,108.68
2124,704,16,1,113.43
2125,704,22,4,217.08
2126,704,18,4,59.71
2127,704,17,3,132.92
2128,705,23,3,109.82
2129,705,1,2,43.88
2130,705,17,3,143.22
2131,705,15,2,155.08
2132,705,24,2,70.5
2133,706,5,2,22.61
2134,706,9,2,103.08
2135,706,2,1,78.84
2136,707,3,3,14.93
2137,707,23,4,124.17
2138,707,18,3,58.73
2139,708,8,2,60.47
2140,708,24,1,74.31
2141,708,9,1,107.13
2142,709,21,2,171.64
2143,709,20,2,109.07
2144,709,18,2,62.03
2145,710,24,3,68.27
2146,710,14,4,87.38
2147,711,7,4,116.57
2148,711,19,2,159.04
2149,712,13,2,134.34
2150,712,22,1,210.94
2151,713,24,2,77.25
2152,714,13,1,136.29
2153,714,1,1,43.6
2154,714,4,1,87.23
2155,714,25,1,146.1
2156,715,23,2,114.09
2157,715,3,4,15.21
2158,715,7,3,102.84
2159,716,21,1,171.92
2160,716,18,1,61.55
2161,716,4,1,82.37
2162,717,1,4,44.74
2163,717,8,3,65.83
2164,718,16,2,134.62
2165,719,12,3,44.01
2166,719,3,1,15.45
2167,719,20,2,105.58
2168,720,5,3,19.85
2169,720,22,1,203.94
2170,720,10,4,169.95
2171,720,20,3,120.67
2172,721,25,2,128.22
2173,721,21,4,159.11
2174,722,19,4,169.18
2175,723,6,4,87.22
2176,723,25,4,131.13
2177,724,5,4,20.15
2178,724,21,4,162.22
2179,724,8,4,64.18
2180,725,23,2,119.46
2181,725,14,2,92.77
2182,725,17,2,156.39
2183,725,19,1,149.78
2184,725,25,4,146.1
2185,726,12,3,47.45
2186,726,25,4,126.04
2187,726,5,2,18.58
2188,727,13,1,153.82
2189,727,24,4,71.74
2190,728,16,2,109.95
2191,729,1,4,42.47
2192,730,23,3,113.21
2193,730,10,1,156.97
2194,730,16,2,110.72
2195,730,14,1,97.65
2196,730,24,2,73.78
2197,731,18,3,63.67
2198,731,23,4,124.97
2199,731,9,3,112.53
2200,731,19,4,169.77
2201,732,8,4,59.5
2202,733,23,4,114.02
2203,734,6,4,84.23
2204,734,2,1,70.08
2205,734,12,3,48.89
2206,734,21,3,144.92
2207,735,7,1,112.38
2208,736,8,3,58.18
2209,737,2,1,84.18
2210,737,11,3,53.72
2211,737,3,2,13.7
2212,737,10,4,172.16
2213,738,11,4,53.08
2214,739,1,4,45.62
2215,739,19,1,147.44
2216,740,23,2,123.83
2217,741,17,3,140.1
2218,741,24,2,71.23
2219,742,2,4,72.25
2220,742,23,1,125.61
2221,742,25,4,121.97
2222,742,22,1,198.14
2223,743,16,1,120.86
2224,744,19,1,143.83
2225,744,12,4,45.41
2226,744,3,4,15.7
2227,745,4,4,74.21
2228,745,19,3,151.03
2229,746,15,3,160.28
2230,746,12,4,47.91
2231,747,24,2,76.83
2232,748,10,4,152.52
2233,749,22,4,220.69
2234,749,3,4,13.09
2235,749,12,2,50.19
2236,749,15,4,173.95
2237,750,11,2,51.08
2238,750,20,4,104.06
2239,750,16,4,110.16
2240,751,11,1,54.02
2241,751,19,4,140.04
2242,752,7,4,101.45
2243,752,2,2,69.74
2244,752,1,1,43.66
2245,752,25,1,127.61
2246,753,7,1,115.48
2247,753,22,4,207.14
2248,753,9,3,95.11
2249,753,6,3,98.39
2250,753,2,4,76.05
2251,754,12,1,48.47
2252,754,23,2,104.38
2253,754,19,2,148.53
2254,754,13,3,132.62
2255,755,11,3,49.2
2256,755,4,1,90.62
2257,755,22,2,220.32
2258,755,14,1,86.23
2259,756,25,3,125.12
2260,756,6,2,98.95
2261,756,20,1,110.17
2262,756,13,3,132.68
2263,756,7,3,106.67
2264,757,14,3,87.77
2265,757,12,2,47.44
2266,757,18,3,56.83
2267,757,17,2,142.94
2268,758,21,1,177.69
2269,758,10,1,150.15
2270,758,23,1,117.36
2271,758,20,4,103.81
2272,759,21,4,161.02
2273,760,7,4,97.97
2274,760,8,4,69.79
2275,760,25,3,146.39
2276,760,15,4,161.64
2277,761,1,3,43.6
2278,761,12,3,45.91
2279,761,8,4,66.07
2280,761,17,1,153.6
2281,762,12,3,46.19
2282,762,17,4,133.96
2283,763,2,4,84.13
2284,763,19,2,151.11
2285,763,14,3,95.9
2286,763,5,4,19.34
2287,764,13,2,161.68
2288,764,25,2,121.85
2289,764,21,1,158.79
2290,764,9,2,92.16
2291,764,18,1,61.9
2292,765,6,2,86.16
2293,765,8,2,66.78
2294,765,21,4,170.07
2295,766,21,1,147.73
2296,766,1,1,42.05
2297,767,3,4,15.29
2298,768,1,1,43.05
2299,768,14,4,93.04
2300,768,3,3,14.66
2301,768,16,4,129.94
2302,769,22,1,197.0
2303,769,19,3,170.29
2304,770,6,3,98.1
2305,771,17,2,133.2
2306,772,11,2,46.1
2307,773,9,1,99.07
2308,773,16,3,121.17
2309,773,7,4,105.18
2310,774,6,3,98.76
2311,774,7,1,108.5
2312,774,22,3,199.18
2313,775,14,3,98.02
2314,775,20,4,111.57
2315,775,24,3,71.77
2316,775,9,1,101.24
2317,776,19,3,150.95
2318,776,14,1,89.11
2319,776,10,3,161.91
2320,777,22,3,198.25
2321,777,12,3,44.05
2322,778,7,3,115.57
2323,778,15,1,160.69
2324,778,19,2,155.14
2325,779,22,4,206.04
2326,779,3,3,13.35
2327,779,19,1,164.08
2328,779,21,4,145.56
2329,779,14,3,93.97
2330,780,19,1,147.27
2331,780,13,1,160.53
2332,780,8,3,58.79
2333,781,17,1,140.77
2334,781,2,4,80.04
2335,781,11,3,47.11
2336,781,21,3,157.54
2337,781,1,3,45.79
2338,782,16,1,109.93
2339,782,21,1,171.94
2340,782,4,2,75.34
2341,782,12,3,51.49
2342,783,7,3,113.71
2343,784,9,1,93.95
2344,785,23,3,119.35
2345,785,20,2,115.25
2346,785,13,1,136.1
2347,786,21,2,163.55
2348,786,15,4,181.17
2349,786,22,3,226.56
2350,786,4,4,77.43
2351,787,18,2,63.48
2352,787,8,1,70.08
2353,787,22,1,201.29
2354,788,7,2,113.67
2355,788,16,3,128.71
2356,788,4,3,85.78
2357,788,11,2,52.58
2358,789,13,2,156.43
2359,789,15,2,149.7
2360,789,20,4,105.25
2361,790,15,1,155.66
2362,790,4,4,76.76
2363,791,12,1,46.38
2364,791,9,2,94.81
2365,791,4,4,82.31
2366,791,18,1,60.23
2367,792,24,2,72.22
2368,792,14,3,96.15
2369,792,7,4,107.04
2370,792,10,1,170.62
2371,793,4,1,83.48
2372,793,2,2,69.46
2373,794,23,3,114.44
2374,794,13,2,156.61
2375,794,4,3,84.54
2376,794,8,3,66.88
2377,794,24,1,68.84
2378,795,23,3,118.94
2379,795,8,2,59.55
2380,795,6,4,83.23
2381,796,1,1,42.67
2382,796,6,1,91.79
2383,796,9,4,104.13
2384,797,1,3,49.08
2385,798,25,1,127.78
2386,798,4,3,81.36
2387,799,22,3,212.4
2388,799,16,3,116.91
2389,799,9,3,110.77
2390,800,16,1,112.97
2391,800,4,4,88.34
2392,800,9,2,99.26
2393,800,22,1,202.73
2394,800,17,4,137.47
2395,801,21,4,177.42
2396,801,4,2,78.11
2397,801,9,3,110.69
2398,801,22,4,218.28
2399,802,19,3,165.1
2400,803,12,2,47.51
2401,803,10,2,165.15
2402,803,4,3,84.32
2403,803,1,2,43.95
2404,803,16,3,110.83
2405,804,10,1,148.89
2406,804,19,3,138.18
2407,805,9,2,99.11
2408,806,5,2,20.21
2409,806,3,1,13.63
2410,806,23,1,113.91
2411,806,9,3,96.92
2412,806,24,4,72.53
2413,807,20,4,117.53
2414,807,10,3,174.88
2415,807,6,2,93.49
2416,808,7,4,107.65
2417,808,10,4,174.12
2418,808,3,4,13.05
2419,808,19,4,160.56
2420,808,21,3,159.84
2421,809,15,4,150.39
2422,809,1,2,46.96
2423,809,18,3,64.66
2424,809,25,3,122.81
2425,810,25,4,122.77
2426,811,15,1,158.88
2427,811,2,1,81.63
2428,811,3,4,14.83
2429,811,9,1,94.18
2430,811,21,1,167.74
2431,812,5,2,19.64
2432,812,8,3,66.69
2433,812,22,1,228.05
2434,812,21,2,147.86
2435,813,17,1,134.12
2436,814,15,4,164.09
2437,814,13,2,157.69
2438,814,2,3,81.62
2439,814,4,4,88.39
2440,814,10,1,162.01
2441,815,6,2,89.56
2442,815,17,3,135.38
2443,816,13,4,145.14
2444,816,23,4,106.07
2445,816,4,3,81.43
2446,817,2,4,69.09
2447,817,21,3,176.59
2448,817,22,4,231.51
2449,818,12,2,46.33
2450,818,17,4,142.05
2451,819,11,3,53.36
2452,819,15,1,179.08
2453,819,23,4,111.58
2454,819,5,4,20.96
2455,819,9,2,103.97
2456,820,9,3,104.15
2457,820,5,4,18.63
2458,820,23,1,123.05
2459,820,11,2,46.22
2460,820,19,1,154.23
2461,821,25,2,122.2
2462,821,24,2,77.27
2463,822,20,3,104.07
2464,823,20,2,108.99
2465,823,21,4,156.77
2466,823,1,2,42.91
2467,824,7,2,105.14
2468,824,24,2,67.3
2469,825,7,1,113.58
2470,826,19,2,160.17
2471,826,18,4,57.0
2472,826,3,2,14.47
2473,826,11,4,49.0
2474,827,3,4,14.64
2475,827,15,1,167.05
2476,828,16,2,110.5
2477,829,9,3,93.03
2478,829,13,2,162.28
2479,829,23,1,115.39
2480,830,10,1,167.21
2481,830,13,3,152.49
2482,830,20,1,109.4
2483,830,2,3,71.63
2484,830,18,1,56.35
2485,831,8,4,58.01
2486,832,12,1,52.38
2487,833,16,1,110.09
2488,833,5,2,21.15
2489,833,9,4,101.85
2490,833,24,2,66.3
2491,833,2,1,68.82
2492,834,22,4,194.06
2493,834,24,4,76.76
2494,834,1,4,47.79
2495,834,18,2,56.05
2496,835,12,4,52.06
2497,835,7,2,100.6
2498,835,11,1,46.18
2499,836,24,2,78.58
2500,837,10,3,159.15
2501,837,2,2,84.46
2502,838,22,1,195.15
2503,839,8,3,69.67
2504,839,15,3,177.44
2505,839,23,2,115.21
2506,840,4,4,78.37
2507,840,2,2,83.08
2508,840,12,2,45.89
2509,840,14,2,87.96
2510,840,23,2,103.37
2511,841,4,3,78.33
2512,841,1,4,43.92
2513,841,16,1,110.71
2514,841,2,4,76.37
2515,842,8,2,62.13
2516,843,2,3,83.48
2517,843,18,3,66.41
2518,843,25,3,141.97
2519,844,24,4,78.12
2520,844,20,1,120.59
2521,844,14,4,104.65
2522,845,15,3,152.96
2523,845,14,4,94.89
2524,845,19,2,142.3
2525,845,24,1,70.33
2526,845,25,3,121.64
2527,846,13,3,152.68
2528,846,2,1,70.4
2529,846,20,3,121.27
2530,846,9,2,101.12
2531,846,12,1,47.25
2532,847,21,1,163.61
2533,847,18,1,58.11
2534,847,7,3,116.79
2535,847,14,4,89.11
2536,848,5,2,22.1
2537,848,8,1,60.16
2538,848,21,1,150.21
2539,848,6,4,91.53
2540,849,23,3,126.02
2541,850,18,2,59.05
2542,850,23,1,114.73
2543,850,2,1,76.62
2544,851,22,4,231.22
2545,851,14,2,85.99
2546,851,3,3,13.76
2547,852,20,3,102.4
2548,852,1,2,49.82
2549,852,6,1,82.55
2550,853,19,1,159.35
2551,853,23,2,111.69
2552,853,12,1,52.44
2553,853,7,2,108.09
2554,853,13,4,148.94
2555,854,16,3,114.18
2556,854,22,3,232.81
2557,854,17,3,134.0
2558,854,15,3,155.33
2559,854,11,3,51.55
2560,855,12,1,52.03
2561,855,3,4,14.58
2562,855,18,4,64.66
2563,855,17,2,143.73
2564,856,25,2,136.23
2565,856,14,3,92.36
2566,857,5,2,22.23
2567,857,19,4,138.52
2568,857,16,1,119.93
2569,857,21,4,169.14
2570,857,25,2,143.63
2571,858,3,4,15.47
2572,858,5,3,18.89
2573,859,4,1,90.72
2574,859,11,1,44.6
2575,859,19,3,168.86
2576,860,10,2,172.43
2577,860,25,1,123.51
2578,860,16,1,124.42
2579,860,23,3,118.75
2580,861,17,3,154.93
2581,861,24,1,69.57
2582,862,17,4,136.25
2583,862,19,2,168.98
2584,862,14,1,101.87
2585,862,10,2,161.95
2586,862,11,3,49.77
2587,863,6,3,89.76
2588,863,4,2,88.84
2589,863,10,3,179.55
2590,864,22,2,196.04
2591,864,9,2,92.15
2592,865,18,2,58.18
2593,865,7,4,111.83
2594,865,1,2,49.04
2595,865,16,3,132.76
2596,865,12,1,47.29
2597,866,9,1,112.43
2598,866,24,1,77.52
2599,867,11,1,51.12
2600,867,9,3,110.79
2601,867,15,1,162.34
2602,867,21,3,150.42
2603,867,24,1,80.7
2604,868,13,4,136.88
2605,868,8,2,66.88
2606,868,22,3,197.65
2607,868,7,1,116.74
2608,868,9,2,91.63
2609,869,23,1,112.59
2610,869,6,3,92.16
2611,870,16,2,131.73
2612,870,17,2,152.85
2613,870,22,4,213.82
2614,871,16,3,119.95
2615,871,10,4,158.31
2616,871,4,4,75.53
2617,871,8,4,69.87
2618,871,25,1,128.99
2619,872,16,2,109.92
2620,872,20,3,113.44
2621,872,14,4,86.72
2622,872,22,3,203.51
2623,873,14,3,95.26
2624,873,13,2,142.74
2625,873,9,1,98.21
2626,873,2,4,71.96
2627,874,20,3,104.42
2628,875,13,1,156.45
2629,876,3,3,14.37
2630,876,21,2,172.37
2631,876,2,4,82.24
2632,876,17,2,135.41
2633,876,7,2,115.84
2634,877,1,1,48.31
2635,877,2,1,76.47
2636,878,10,2,148.22
2637,878,1,1,48.87
2638,878,8,4,65.83
2639,879,3,4,12.82
2640,880,4,4,76.89
2641,880,24,3,78.15
2642,881,9,1,97.26
2643,881,15,4,160.38
2644,881,7,4,97.48
2645,882,10,2,160.28
2646,882,23,4,120.05
2647,882,18,3,64.35
2648,882,17,1,140.24
2649,883,15,4,166.84
2650,883,12,3,46.16
2651,884,18,2,57.23
2652,885,5,4,21.0
2653,886,25,4,127.98
2654,886,8,3,68.23
2655,886,2,1,73.57
2656,886,16,4,131.56
2657,886,9,3,106.44
2658,887,16,4,122.39
2659,887,11,1,53.34
2660,887,21,4,167.66
2661,887,8,4,58.74
2662,887,15,1,152.94
2663,888,4,2,84.36
2664,888,2,4,70.65
2665,888,14,4,93.53
2666,888,16,3,112.19
2667,889,20,2,104.71
2668,889,12,2,50.9
2669,889,19,3,154.88
2670,890,24,4,66.12
2671,890,5,4,19.12
2672,890,6,4,81.81
2673,891,23,4,110.49
2674,891,4,1,84.34
2675,892,8,3,60.85
2676,892,12,4,48.7
2677,892,21,3,156.41
2678,892,1,4,50.04
2679,892,7,2,97.13
2680,893,6,1,82.94
2681,893,9,4,98.67
2682,893,19,3,169.41
2683,894,7,2,97.45
2684,894,6,2,83.25
2685,894,1,4,49.46
2686,894,8,3,58.08
2687,895,14,3,95.56
2688,895,22,1,202.57
2689,895,16,4,118.87
2690,895,11,4,51.12
2691,896,17,2,155.24
2692,896,3,3,14.89
2693,896,20,4,114.7
2694,897,18,4,62.93
2695,898,25,4,125.24
2696,898,22,2,208.96
2697,898,12,2,52.22
2698,898,24,1,69.01
2699,899,10,1,168.04
2700,899,11,1,50.51
2701,899,4,4,80.42
2702,899,12,3,45.58
2703,899,9,1,112.48
2704,900,20,2,112.63
2705,900,21,1,145.27
2706,900,15,1,168.57
2707,900,16,2,127.3
2708,901,2,4,78.66
2709,902,9,1,98.73
2710,902,7,3,115.55
2711,902,21,2,174.66
2712,902,20,3,113.65
2713,902,24,4,72.43
2714,903,25,2,139.69
2715,903,17,1,131.9
2716,904,14,3,91.0
2717,904,6,3,82.77
2718,904,21,4,163.22
2719,904,24,1,74.76
2720,904,1,4,41.87
2721,905,6,3,91.74
2722,906,7,3,105.73
2723,907,24,2,70.79
2724,907,25,4,139.04
2725,908,14,3,103.27
2726,908,8,2,70.18
2727,908,7,3,111.05
2728,909,12,2,43.18
2729,909,25,4,123.61
2730,909,21,2,177.64
2731,909,17,4,137.1
2732,909,15,3,154.51
2733,910,3,2,13.53
2734,910,17,4,134.53
2735,910,25,1,133.74
2736,911,19,1,148.48
2737,911,11,1,50.33
2738,911,12,1,44.41
2739,911,13,4,142.58
2740,912,10,2,173.07
2741,912,6,4,95.87
2742,912,15,4,167.9
2743,913,8,3,63.51
2744,913,9,4,98.03
2745,913,24,2,77.81
2746,913,12,1,47.06
2747,914,19,2,167.97
2748,914,1,2,50.2
2749,914,6,2,83.0
2750,914,17,3,150.27
2751,915,12,4,44.48
2752,915,15,1,170.15
2753,916,6,2,96.79
2754,917,22,3,191.93
2755,917,18,2,58.99
2756,918,16,4,130.53
2757,918,22,2,226.13
2758,919,13,3,160.1
2759,919,25,4,135.99
2760,920,1,2,44.58
2761,920,8,3,63.76
2762,920,20,1,115.9
2763,920,6,4,97.87
2764,920,25,2,123.11
2765,921,3,2,14.04
2766,921,11,3,47.04
2767,921,13,4,133.26
2768,921,21,4,150.05
2769,922,15,1,159.33
2770,923,1,4,47.65
2771,923,6,1,89.75
2772,923,11,4,48.19
2773,923,5,1,19.65
2774,924,17,3,151.93
2775,924,12,3,43.94
2776,924,25,2,146.75
2777,924,16,4,131.53
2778,925,9,4,100.93
2779,925,7,4,101.72
2780,925,17,1,152.64
2781,925,20,4,110.09
2782,925,24,3,69.89
2783,926,18,3,56.86
2784,927,10,1,159.41
2785,927,21,1,161.97
2786,927,2,4,72.4
2787,928,21,4,174.21
2788,928,16,3,134.14
2789,929,19,3,139.26
2790,929,15,1,160.56
2791,929,2,1,73.84
2792,929,3,3,14.03
2793,929,11,1,45.73
2794,930,14,1,101.46
2795,931,17,3,143.85
2796,931,18,2,64.33
2797,931,8,4,60.72
2798,931,23,2,109.18
2799,931,2,1,78.13
2800,932,1,1,48.57
2801,932,14,2,91.02
2802,932,7,4,108.84
2803,933,8,3,60.0
2804,933,1,3,48.05
2805,934,11,3,47.35
2806,934,18,3,65.12
2807,934,13,2,146.54
2808,934,16,4,114.58
2809,934,1,2,47.52
2810,935,3,1,13.38
2811,935,21,3,154.27
2812,935,16,3,120.77
2813,935,18,4,54.94
2814,935,12,2,49.1
2815,936,25,3,134.85
2816,937,5,2,22.63
2817,937,13,3,137.73
2818,937,20,2,119.62
2819,937,4,4,83.04
2820,937,7,3,112.26
2821,938,21,3,160.99
2822,938,4,4,77.42
2823,938,22,4,214.03
2824,939,6,3,95.0
2825,939,13,2,153.43
2826,939,10,1,160.31
2827,939,1,4,50.42
2828,940,8,4,69.72
2829,940,5,3,20.97
2830,940,20,2,114.91
2831,940,17,4,147.16
2832,940,3,3,12.83
2833,941,7,2,99.33
2834,941,6,2,86.65
2835,941,15,3,149.57
2836,941,12,1,44.9
2837,941,24,4,73.1
2838,942,6,1,95.77
2839,942,15,3,177.55
2840,943,1,1,47.6
2841,944,3,1,14.91
2842,944,14,1,94.31
2843,944,9,1,97.87
2844,944,23,4,122.48
2845,945,21,3,169.65
2846,945,15,1,172.35
2847,945,14,3,93.8
2848,945,4,3,75.98
2849,945,5,2,21.78
2850,946,15,4,173.41
2851,947,11,3,49.97
2852,947,15,2,152.45
2853,947,23,3,103.13
2854,947,9,3,103.7
2855,948,19,3,153.45
2856,948,21,4,166.78
2857,949,10,1,176.49
2858,949,13,3,136.79
2859,949,9,1,97.15
2860,949,21,4,160.13
2861,949,8,2,70.08
2862,950,11,2,52.82
2863,950,17,4,131.98
2864,950,12,4,42.96
2865,950,13,1,142.82
2866,950,16,3,114.48
2867,951,21,2,156.05
2868,952,24,2,77.48
2869,953,11,1,46.63
2870,954,3,2,13.49
2871,954,2,2,79.5
2872,954,15,2,155.24
2873,954,19,4,143.78
2874,954,17,3,143.21
2875,955,5,3,18.61
2876,956,16,3,129.47
2877,956,15,1,154.13
2878,956,4,1,81.17
2879,956,18,4,57.1
2880,956,2,2,78.03
2881,957,4,2,83.71
2882,957,24,4,81.37
2883,957,15,3,173.48
2884,957,25,3,133.06
2885,958,10,3,156.57
2886,958,21,3,165.18
2887,958,9,1,112.62
2888,958,18,2,60.82
2889,958,8,3,69.02
2890,959,3,4,14.78
2891,959,25,1,145.2
2892,960,6,2,86.36
2893,960,7,3,102.58
2894,960,25,4,122.13
2895,960,4,3,89.57
2896,960,8,2,64.7
2897,961,6,4,92.92
2898,961,20,4,119.93
2899,961,22,3,202.03
2900,961,11,3,48.7
2901,962,11,3,48.47
2902,962,24,4,74.71
2903,962,12,4,42.87
2904,963,12,3,43.01
2905,963,21,2,151.04
2906,963,5,3,19.62
2907,963,15,3,148.14
2908,964,24,3,67.63
2909,964,7,2,99.0
2910,964,20,4,123.79
2911,964,17,4,155.15
2912,964,15,1,174.4
2913,965,8,4,57.83
2914,965,9,1,105.34
2915,965,20,3,114.16
2916,965,19,4,168.01
2917,966,11,4,52.34
2918,967,7,3,108.25
2919,967,18,3,61.71
2920,967,3,3,14.83
2921,967,15,2,174.09
2922,967,8,1,68.72
2923,968,25,2,124.4
2924,968,15,4,155.21
2925,968,24,3,71.14
2926,969,24,4,72.6
2927,969,1,4,48.72
2928,969,5,1,22.28
2929,969,4,3,73.81
2930,969,21,4,177.7
2931,970,18,3,62.71
2932,970,16,1,123.7
2933,970,10,1,165.45
2934,971,19,4,157.82
2935,972,9,3,93.14
2936,972,15,3,163.06
2937,972,24,4,79.77
2938,972,5,4,20.82
2939,973,1,2,44.13
2940,974,22,2,226.44
2941,974,25,3,144.3
2942,974,11,2,45.78
2943,974,18,2,57.21
2944,974,15,2,150.82
2945,975,25,2,134.39
2946,976,8,2,61.1
2947,976,22,4,236.41
2948,976,7,2,116.41
2949,977,4,2,80.11
2950,977,13,4,145.81
2951,977,1,2,43.01
2952,977,15,4,167.78
2953,978,19,2,141.92
2954,978,24,4,77.46
2955,978,17,3,149.11
2956,978,4,3,80.71
2957,978,6,2,99.21
2958,979,17,1,126.97
2959,979,4,4,80.45
2960,979,15,1,159.62
2961,980,21,1,166.01
2962,980,10,4,177.36
2963,980,8,1,69.8
2964,980,23,3,120.1
2965,981,6,1,82.96
2966,981,19,2,142.57
2967,982,24,3,71.74
2968,982,22,4,228.84
2969,983,5,1,21.74
2970,983,24,1,73.69
2971,983,22,3,209.92
2972,983,6,3,97.76
2973,983,12,3,49.08
2974,984,2,1,77.08
2975,984,24,2,68.42
2976,984,5,1,19.85
2977,984,14,2,87.35
2978,985,14,1,91.76
2979,985,18,4,66.11
2980,985,15,3,151.77
2981,985,5,3,22.47
2982,986,7,1,112.08
2983,986,5,4,19.56
2984,986,8,1,60.39
2985,986,17,3,132.26
2986,986,22,3,206.53
2987,987,17,3,139.34
2988,987,19,2,156.83
2989,987,9,1,107.68
2990,987,25,4,136.97
2991,987,5,2,22.57
2992,988,6,3,80.76
2993,988,13,4,147.22
2994,989,13,4,135.84
2995,989,15,3,170.04
2996,989,7,3,102.97
2997,989,20,2,107.42
2998,989,9,4,108.19
2999,990,25,1,141.18
3000,990,17,4,145.91
3001,990,9,2,93.6
3002,991,18,3,56.18
3003,992,3,2,15.28
3004,992,17,2,149.89
3005,992,6,2,94.44
3006,992,13,3,148.52
3007,992,7,2,108.03
3008,993,12,2,46.59
3009,993,18,1,63.3
3010,993,8,2,68.35
3011,993,23,2,115.55
3012,993,17,4,152.35
3013,994,10,4,163.24
3014,994,13,2,154.62
3015,994,17,3,126.76
3016,994,14,3,99.74
3017,995,20,2,104.77
3018,995,3,2,15.05
3019,995,2,2,74.7
3020,995,25,2,137.36
3021,995,14,4,97.39
3022,996,5,2,19.23
3023,996,13,2,153.08
3024,996,4,3,73.71
3025,997,25,4,125.75
3026,998,24,3,79.55
3027,998,20,1,110.43
3028,998,15,3,151.23
3029,998,5,4,20.18
3030,998,3,2,15.39
3031,999,17,1,156.5
3032,999,4,3,77.7
3033,1000,14,3,102.44
3034,1000,2,3,82.96
3035,1000,21,3,158.19
3036,1000,4,3,90.53
3037,1001,8,3,58.43
3038,1001,19,4,156.22
3039,1001,16,4,124.76
3040,1001,14,4,86.34
3041,1002,19,1,141.83
3042,1003,14,3,98.51
3043,1003,13,4,158.68
3044,1003,23,1,125.18
3045,1003,24,4,76.35
3046,1003,2,1,71.88
3047,1004,4,1,86.14
3048,1004,10,3,159.46
3049,1004,14,3,92.58
3050,1005,11,4,51.05
3051,1006,7,3,112.02
3052,1006,18,3,64.59
3053,1007,12,2,46.0
3054,1007,20,3,103.75
3055,1007,18,1,62.77
3056,1008,25,2,126.66
3057,1008,13,4,143.08
3058,1009,6,1,82.65
3059,1009,11,3,53.21
3060,1010,18,1,57.11
3061,1010,6,1,94.02
3062,1010,13,4,158.68
3063,1010,20,2,118.41
3064,1010,23,3,112.07
3065,1011,20,3,125.17
3066,1011,19,4,164.84
3067,1011,3,2,14.4
3068,1012,23,2,123.61
3069,1012,8,4,65.73
3070,1013,1,4,49.11
3071,1013,20,4,114.6
3072,1014,19,3,164.1
3073,1014,13,3,145.59
3074,1014,21,3,174.46
3075,1014,24,2,70.94
3076,1014,9,3,93.22
3077,1015,18,2,55.8
3078,1015,19,4,155.4
3079,1016,23,2,113.72
3080,1016,21,1,159.56
3081,1016,18,4,60.94
3082,1017,1,4,46.42
3083,1017,18,1,66.06
3084,1018,3,3,15.6
3085,1018,24,1,77.05
3086,1018,9,4,100.84
3087,1019,22,3,215.99
3088,1019,15,3,158.78
3089,1020,25,3,143.44
3090,1020,18,1,63.7
3091,1021,20,1,113.97
3092,1022,20,2,121.26
3093,1022,25,1,137.46
3094,1023,13,4,157.21
3095,1024,6,3,83.9
3096,1024,4,4,88.73
3097,1024,10,4,150.19
3098,1025,21,4,169.44
3099,1025,3,3,12.82
3100,1025,11,1,53.96
3101,1026,1,1,41.07
3102,1026,17,4,135.89
3103,1027,6,2,92.6
3104,1028,4,3,83.45
3105,1028,22,4,223.57
3106,1028,5,2,20.53
3107,1029,18,1,64.92
3108,1030,19,2,167.25
3109,1030,17,4,132.51
3110,1031,22,1,221.87
3111,1031,18,1,58.91
3112,1031,13,3,136.57
3113,1031,15,4,153.85
3114,1032,22,1,229.95
3115,1032,23,1,118.5
3116,1032,25,3,144.82
3117,1032,19,4,162.59
3118,1033,15,2,157.48
3119,1033,25,4,130.58
3120,1034,4,4,78.82
3121,1034,11,3,51.78
3122,1034,18,1,61.33
3123,1034,16,1,114.01
3124,1035,18,1,61.42
3125,1035,6,1,98.86
3126,1035,21,4,150.35
3127,1035,11,1,52.33
3128,1035,24,4,77.43
3129,1036,7,1,105.66
3130,1037,23,2,114.45
3131,1038,13,2,160.17
3132,1039,22,2,236.23
3133,1039,11,2,47.67
3134,1040,20,3,122.37
3135,1040,8,4,66.17
3136,1041,14,4,102.06
3137,1041,23,4,109.21
3138,1041,1,2,48.9
3139,1042,2,2,79.07
3140,1042,23,2,104.2
3141,1042,25,1,122.47
3142,1042,15,4,149.63
3143,1043,22,3,215.9
3144,1043,23,3,123.13
3145,1043,13,3,135.55
3146,1044,3,4,13.36
3147,1044,18,1,60.58
3148,1045,6,1,85.12
3149,1045,3,3,14.07
3150,1045,25,2,131.64
3151,1045,23,1,118.49
3152,1046,2,2,73.89
3153,1046,19,3,167.95
3154,1046,1,3,45.48
3155,1047,5,2,19.14
3156,1047,10,2,158.67
3157,1047,17,4,127.51
3158,1047,3,4,12.97
3159,1048,6,1,93.51
3160,1048,5,4,20.58
3161,1048,18,1,62.5
3162,1048,11,2,51.3
3163,1048,2,3,74.36
3164,1049,13,1,149.68
3165,1050,8,1,64.6
3166,1051,19,4,152.62
3167,1051,21,2,167.11
3168,1051,13,3,142.91
3169,1051,10,4,163.63
3170,1052,8,2,69.96
3171,1052,5,4,22.66
3172,1052,10,2,159.79
3173,1053,2,4,79.84
3174,1053,15,2,181.55
3175,1054,14,4,92.81
3176,1054,15,3,170.39
3177,1054,24,2,77.2
3178,1054,13,2,139.83
3179,1055,12,3,49.3
3180,1055,15,2,160.94
3181,1055,18,4,55.96
3182,1055,25,4,127.66
3183,1055,14,4,86.52
3184,1056,22,4,199.84
3185,1056,13,4,132.92
3186,1057,9,2,105.38
3187,1057,24,2,68.31
3188,1058,25,3,136.36
3189,1058,16,1,126.54
3190,1059,2,3,82.12
3191,1060,7,1,103.54
3192,1060,10,3,167.24
3193,1061,10,2,178.22
3194,1061,4,2,76.35
3195,1062,6,3,93.61
3196,1062,18,2,67.09
3197,1062,21,2,174.77
3198,1062,16,1,128.59
3199,1063,6,3,98.18
3200,1063,25,2,131.79
3201,1063,1,1,50.39
3202,1063,19,3,166.77
3203,1064,20,4,123.2
3204,1064,10,1,181.4
3205,1065,10,3,167.91
3206,1065,23,4,102.89
3207,1065,3,4,15.74
3208,1066,17,3,153.77
3209,1066,1,1,47.29
3210,1066,16,3,115.93
3211,1067,22,1,197.6
3212,1067,3,1,14.96
3213,1067,11,1,46.96
3214,1067,18,2,66.17
3215,1068,23,3,121.87
3216,1068,13,4,144.84
3217,1068,11,3,45.2
3218,1069,10,1,174.92
3219,1069,9,3,110.12
3220,1069,3,1,12.83
3221,1069,15,2,175.27
3222,1070,3,2,15.1
3223,1070,5,1,18.38
3224,1070,19,1,161.93
3225,1071,21,1,145.88
3226,1071,15,2,154.24
3227,1071,11,1,45.75
3228,1071,22,1,191.88
3229,1071,4,2,77.16
3230,1072,7,4,101.86
3231,1072,16,1,120.54
3232,1072,23,1,104.42
3233,1072,20,2,107.61
3234,1072,6,2,93.8
3235,1073,25,4,137.06
3236,1073,8,3,65.11
3237,1073,6,3,84.67
3238,1074,1,2,41.65
3239,1074,21,1,160.71
3240,1074,22,1,219.67
3241,1074,9,4,93.28
3242,1074,10,4,147.47
3243,1075,25,1,135.21
3244,1075,12,3,47.36
3245,1075,23,4,111.44
3246,1075,22,3,226.15
3247,1075,20,3,114.35
3248,1076,2,3,74.99
3249,1076,23,4,110.32
3250,1077,15,4,161.87
3251,1077,5,1,22.11
3252,1077,24,3,71.89
3253,1077,25,2,130.44
3254,1078,5,2,19.28
3255,1078,19,1,150.72
3256,1079,16,4,113.24
3257,1080,16,4,120.29
3258,1080,20,2,112.96
3259,1081,3,3,14.88
3260,1082,16,2,117.87
3261,1082,7,3,110.75
3262,1082,14,4,97.8
3263,1082,1,2,46.13
3264,1082,10,3,172.13
3265,1083,19,1,152.53
3266,1083,16,4,115.5
3267,1083,3,3,14.82
3268,1084,9,3,106.61
3269,1084,18,2,66.96
3270,1084,11,2,51.14
3271,1084,19,2,164.43
3272,1085,11,1,47.8
3273,1086,16,1,120.72
3274,1086,15,2,174.75
3275,1086,20,3,118.31
3276,1086,24,3,79.13
3277,1086,9,1,101.77
3278,1087,20,2,120.02
3279,1087,16,3,121.62
3280,1087,18,3,62.33
3281,1088,20,3,118.82
3282,1088,4,2,82.58
3283,1089,14,3,89.6
3284,1089,23,3,103.11
3285,1089,1,4,41.78
3286,1089,10,4,173.89
3287,1090,6,1,98.29
3288,1090,20,4,107.92
3289,1090,15,4,157.19
3290,1090,25,2,128.29
3291,1090,11,1,45.11
3292,1091,5,4,20.72
3293,1091,11,4,50.5
3294,1091,24,4,68.73
3295,1092,19,1,161.49
3296,1092,25,2,133.17
3297,1092,2,1,70.65
3298,1093,3,3,15.68
3299,1093,25,3,121.51
3300,1094,2,2,77.22
3301,1094,17,1,151.04
3302,1094,14,4,88.69
3303,1094,21,3,151.68
3304,1094,13,1,152.23
3305,1095,16,1,114.8
3306,1095,2,2,83.69
3307,1096,13,4,132.77
3308,1096,25,3,133.05
3309,1096,21,4,162.61
3310,1097,8,4,57.13
3311,1097,19,1,156.9
3312,1098,13,2,148.85
3313,1098,7,3,101.36
3314,1099,25,3,128.62
3315,1099,20,3,122.75
3316,1100,1,4,43.0
3317,1100,15,1,148.77
3318,1100,20,1,119.05
3319,1100,21,2,150.75
3320,1101,19,3,153.08
3321,1101,10,2,166.66
3322,1102,10,1,154.54
3323,1103,24,2,80.26
3324,1103,11,4,49.62
3325,1103,15,3,174.88
3326,1103,13,2,134.59
3327,1104,2,4,80.13
3328,1104,1,2,41.96
3329,1104,9,3,96.2
3330,1104,10,2,180.64
3331,1104,15,3,149.96
3332,1105,4,3,75.98
3333,1106,16,2,109.54
3334,1107,23,4,104.03
3335,1107,18,2,57.33
3336,1107,9,4,106.17
3337,1107,1,1,41.38
3338,1107,19,4,164.98
3339,1108,2,3,79.97
3340,1108,22,2,227.88
3341,1108,3,1,14.77
3342,1108,25,2,125.83
3343,1108,9,4,109.02
3344,1109,18,1,58.24
3345,1109,23,1,116.93
3346,1109,16,4,130.26
3347,1109,8,2,62.04
3348,1110,5,4,19.09
3349,1110,11,4,47.67
3350,1110,24,3,77.88
3351,1110,21,2,171.56
3352,1110,12,4,49.62
3353,1111,20,3,122.43
3354,1112,25,1,128.87
3355,1112,18,2,62.25
3356,1112,22,2,230.1
3357,1112,6,2,99.06
3358,1113,3,1,14.32
3359,1113,14,1,90.62
3360,1113,4,2,86.32
3361,1113,17,3,141.34
3362,1114,17,3,149.11
3363,1114,22,1,201.9
3364,1114,13,4,137.02
3365,1114,8,2,66.65
3366,1115,5,2,21.61
3367,1115,3,3,15.24
3368,1115,23,1,125.45
3369,1115,10,2,147.86
3370,1116,25,1,121.12
3371,1116,22,4,234.61
3372,1117,23,3,110.78
3373,1118,19,4,169.74
3374,1118,16,4,117.38
3375,1118,21,1,152.64
3376,1118,20,4,121.87
3377,1118,2,4,80.52
3378,1119,20,4,102.26
3379,1119,12,4,50.46
3380,1119,22,1,213.13
3381,1119,16,1,111.31
3382,1119,1,1,45.41
3383,1120,2,4,71.88
3384,1120,11,4,44.81
3385,1120,10,2,167.58
3386,1120,18,1,66.57
3387,1121,9,1,97.02
3388,1121,23,1,119.34
3389,1121,19,4,143.66
3390,1121,13,4,141.3
3391,1122,14,2,104.98
3392,1122,4,1,76.97
3393,1122,22,4,202.94
3394,1123,2,3,82.33
3395,1123,10,4,154.96
3396,1123,6,4,95.86
3397,1123,8,1,58.4
3398,1124,19,4,138.68
3399,1124,1,3,47.15
3400,1124,15,1,161.83
3401,1124,16,1,116.34
3402,1124,12,4,43.49
3403,1125,16,2,132.46
3404,1125,13,2,135.94
3405,1125,17,2,129.33
3406,1126,12,2,48.68
3407,1126,18,1,61.75
3408,1126,9,2,95.92
3409,1126,16,3,112.6
3410,1126,3,4,12.79
3411,1127,17,3,144.22
3412,1128,11,4,52.1
3413,1128,8,2,65.95
3414,1129,13,1,136.72
3415,1129,18,2,65.57
3416,1130,19,2,146.04
3417,1131,8,1,67.13
3418,1131,9,1,110.32
3419,1131,14,4,86.05
3420,1132,8,4,65.7
3421,1132,24,2,69.71
3422,1132,5,3,20.49
3423,1132,16,1,120.29
3424,1132,20,1,111.29
3425,1133,25,1,129.61
3426,1133,21,4,153.49
3427,1134,20,4,110.54
3428,1134,11,2,48.68
3429,1134,10,1,170.97
3430,1134,16,3,122.86
3431,1134,17,1,134.26
3432,1135,17,3,155.75
3433,1135,8,2,68.12
3434,1135,11,4,46.71
3435,1135,19,4,159.76
3436,1135,7,2,112.64
3437,1136,7,3,99.98
3438,1136,22,4,217.95
3439,1136,12,2,44.0
3440,1137,20,3,105.7
3441,1137,21,4,156.68
3442,1138,15,1,156.08
3443,1138,18,4,65.0
3444,1138,11,4,43.87
3445,1138,5,2,21.85
3446,1138,9,3,111.55
3447,1139,17,2,134.68
3448,1139,19,4,158.41
3449,1139,14,4,97.47
3450,1140,5,2,18.87
3451,1141,9,1,103.38
3452,1142,7,1,95.62
3453,1142,2,3,84.12
3454,1142,22,3,204.53
3455,1142,19,2,145.5
3456,1143,18,2,54.86
3457,1143,12,3,50.49
3458,1143,8,2,67.85
3459,1144,1,3,48.83
3460,1144,6,1,82.35
3461,1144,3,4,13.42
3462,1144,19,4,157.81
3463,1144,24,2,80.21
3464,1145,14,4,94.47
3465,1145,19,2,141.27
3466,1145,20,1,111.08
3467,1146,20,3,106.23
3468,1146,25,4,131.49
3469,1146,13,3,142.19
3470,1146,1,4,45.92
3471,1147,5,4,19.07
3472,1147,23,4,107.5
3473,1147,3,3,13.82
3474,1148,13,4,162.05
3475,1148,20,2,116.73
3476,1149,13,3,143.36
3477,1150,14,2,90.91
3478,1150,3,3,14.2
3479,1150,9,2,96.28
3480,1150,12,2,51.34
3481,1151,3,2,13.04
3482,1151,23,1,108.54
3483,1152,5,2,19.33
3484,1152,14,3,88.84
3485,1152,9,1,96.56
3486,1153,10,4,179.64
3487,1153,18,2,57.59
3488,1154,3,1,13.57
3489,1155,18,2,56.52
3490,1155,25,2,126.13
3491,1155,12,1,46.09
3492,1155,24,2,77.86
3493,1156,13,2,137.37
3494,1157,20,3,112.36
3495,1157,12,4,44.58
3496,1158,25,1,127.3
3497,1158,2,4,79.3
3498,1158,3,4,14.41
3499,1158,13,4,159.82
3500,1158,5,4,22.5
3501,1159,19,3,155.01
3502,1159,23,4,106.53
3503,1159,24,4,67.93
3504,1159,13,1,138.61
3505,1159,25,3,142.86
3506,1160,13,3,147.33
3507,1160,10,1,154.51
3508,1160,12,2,47.35
3509,1160,1,2,47.29
3510,1161,8,4,60.43
3511,1162,7,4,116.94
3512,1162,15,2,180.17
3513,1162,5,1,19.62
3514,1163,21,3,155.99
3515,1163,14,4,86.31
3516,1163,3,4,12.96
3517,1163,20,3,105.95
3518,1164,5,3,18.6
3519,1165,1,3,48.73
3520,1165,15,4,159.35
3521,1165,13,3,141.04
3522,1166,25,1,137.93
3523,1166,16,1,134.83
3524,1166,14,2,104.26
3525,1166,17,4,136.6
3526,1167,5,1,21.01
3527,1167,25,3,130.3
3528,1167,7,1,96.38
3529,1168,7,3,117.63
3530,1168,14,2,85.5
3531,1168,5,1,19.05
3532,1168,18,1,57.97
3533,1168,19,4,163.57
3534,1169,22,1,195.32
3535,1169,16,4,130.02
3536,1170,16,3,125.4
3537,1170,9,3,102.91
3538,1170,19,3,164.19
3539,1171,14,4,90.97
3540,1172,2,1,81.66
3541,1172,19,2,165.44
3542,1172,10,2,177.52
3543,1172,9,2,101.57
3544,1173,12,3,45.83
3545,1173,14,2,88.76
3546,1173,24,4,80.69
3547,1173,13,1,156.28
3548,1173,19,1,152.16
3549,1174,1,3,43.3
3550,1174,11,4,53.4
3551,1174,12,4,48.74
3552,1174,4,4,80.97
3553,1175,11,3,49.96
3554,1175,6,1,82.45
3555,1176,16,2,134.65
3556,1176,3,1,14.17
3557,1176,23,1,105.72
3558,1176,21,3,166.97
3559,1177,3,1,12.88
3560,1177,2,1,84.3
3561,1177,6,1,96.1
3562,1177,10,2,174.37
3563,1177,11,4,52.34
3564,1178,20,3,104.64
3565,1178,17,4,144.83
3566,1178,3,3,13.23
3567,1179,20,1,110.72
3568,1179,8,3,65.96
3569,1179,23,4,122.04
3570,1179,10,3,179.98
3571,1180,14,3,89.73
3572,1180,8,4,59.03
3573,1180,10,2,148.32
3574,1180,22,1,218.22
3575,1181,5,3,21.31
3576,1181,24,2,77.12
3577,1181,3,4,13.99
3578,1181,10,3,179.49
3579,1182,6,3,81.79
3580,1182,13,1,158.33
3581,1182,7,3,104.14
3582,1183,23,3,120.48
3583,1183,11,4,50.63
3584,1183,15,2,147.58
3585,1183,5,2,22.46
3586,1184,5,4,22.47
3587,1184,2,2,80.0
3588,1184,8,4,57.55
3589,1185,20,1,103.83
3590,1185,12,2,44.94
3591,1185,11,3,50.85
3592,1186,17,4,149.71
3593,1186,19,1,152.79
3594,1186,20,3,114.18
3595,1186,7,4,96.39
3596,1187,16,4,133.04
3597,1188,19,3,147.77
3598,1188,8,1,68.0
3599,1188,15,3,161.01
3600,1189,15,4,147.4
3601,1189,8,1,69.9
3602,1190,14,3,100.96
3603,1190,1,1,45.81
3604,1190,17,2,142.68
3605,1190,24,3,78.07
3606,1190,25,2,145.21
3607,1191,18,2,54.74
3608,1191,21,4,146.67
3609,1192,4,2,89.63
3610,1193,22,2,232.57
3611,1193,9,2,107.27
3612,1193,14,3,87.46
3613,1194,23,1,123.07
3614,1194,18,1,66.8
3615,1194,21,1,170.35
3616,1194,3,3,15.66
3617,1194,5,1,21.64
3618,1195,15,3,174.55
3619,1195,17,3,150.28
3620,1195,4,3,76.58
3621,1195,16,2,123.18
3622,1195,22,3,224.43
3623,1196,3,2,13.2
3624,1197,7,1,103.03
3625,1197,16,4,129.54
3626,1197,25,4,122.14
3627,1197,21,4,151.17
3628,1197,12,2,49.07
3629,1198,24,2,78.92
3630,1199,13,2,160.16
3631,1199,11,1,48.51
3632,1199,21,1,163.31
3633,1199,12,1,52.76
3634,1200,24,1,68.05
3635,1200,1,1,46.76
3636,1200,11,1,49.95
3637,1200,15,4,164.46
3638,1201,21,3,152.31
3639,1202,2,3,79.1
3640,1203,5,1,22.55
3641,1203,9,3,93.18
3642,1203,11,3,51.45
3643,1203,14,4,85.95
3644,1204,5,1,19.91
3645,1205,4,2,83.6
3646,1205,6,1,84.92
3647,1205,19,3,148.13
3648,1206,23,3,124.36
3649,1207,25,1,137.7
3650,1207,2,3,80.33
3651,1207,10,2,149.43
3652,1207,14,1,87.64
3653,1208,13,3,137.11
3654,1208,18,2,55.61
3655,1208,4,2,76.73
3656,1209,21,1,159.91
3657,1210,8,3,64.77
3658,1210,14,2,95.4
3659,1210,1,2,41.59
3660,1210,22,2,219.37
3661,1210,17,4,132.49
3662,1211,19,2,158.03
3663,1211,14,1,99.71
3664,1211,10,3,169.48
3665,1211,9,4,91.59
3666,1212,23,2,122.14
3667,1212,5,1,22.52
3668,1212,19,2,142.32
3669,1213,24,1,76.59
3670,1214,19,1,159.18
3671,1215,14,1,92.36
3672,1216,12,3,52.66
3673,1217,15,2,154.49
3674,1217,22,3,200.19
3675,1217,7,2,106.39
3676,1218,1,2,41.61
3677,1218,14,1,100.55
3678,1218,15,3,154.39
3679,1219,6,1,89.51
3680,1219,14,1,97.29
3681,1219,25,3,127.74
3682,1220,16,2,121.51
3683,1220,13,4,160.31
3684,1220,9,1,108.39
3685,1221,17,3,142.32
3686,1221,21,1,153.18
3687,1221,5,3,21.56
3688,1221,4,1,74.61
3689,1221,9,1,96.76
3690,1222,20,4,124.64
3691,1222,19,1,142.86
3692,1222,17,1,136.52
3693,1222,6,4,91.3
3694,1222,21,1,160.27
3695,1223,9,4,105.99
3696,1223,23,3,104.82
3697,1223,19,4,158.3
3698,1223,7,2,102.68
3699,1224,18,4,57.48
3700,1224,11,1,50.95
3701,1225,14,2,94.89
3702,1225,2,1,70.05
3703,1226,8,2,59.97
3704,1226,24,1,66.54
3705,1227,21,2,147.14
3706,1227,19,2,157.88
3707,1227,15,1,175.24
3708,1228,2,3,77.11
3709,1228,16,1,132.97
3710,1229,4,2,89.52
3711,1229,3,3,12.76
3712,1229,17,3,154.63
3713,1230,1,1,50.49
3714,1230,24,1,76.33
3715,1231,24,2,69.01
3716,1231,2,2,71.58
3717,1232,8,1,66.77
3718,1232,20,2,110.08
3719,1232,5,3,21.95
3720,1232,2,4,70.88
3721,1233,6,3,81.2
3722,1234,4,2,74.79
3723,1234,3,4,13.08
3724,1234,25,2,138.87
3725,1234,6,2,85.58
3726,1235,19,2,168.98
3727,1235,11,4,45.61
3728,1235,15,4,157.0
3729,1235,6,3,92.03
3730,1235,20,1,106.02
3731,1236,3,2,15.46
3732,1236,19,2,161.95
3733,1236,4,1,83.21
3734,1236,23,4,124.43
3735,1237,2,2,77.07
3736,1237,17,2,150.58
3737,1238,18,1,57.89
3738,1238,3,3,14.41
3739,1238,8,2,57.63
3740,1238,11,4,52.6
3741,1238,17,2,130.92
3742,1239,17,2,145.39
3743,1240,3,2,14.8
3744,1240,24,3,66.43
3745,1240,25,1,141.12
3746,1240,11,1,52.73
3747,1240,15,1,150.22
3748,1241,23,2,114.1
3749,1242,21,1,168.34
3750,1242,12,3,45.97
3751,1242,2,1,81.19
3752,1242,24,3,77.65
3753,1242,20,3,105.13
3754,1243,18,1,56.49
3755,1243,16,3,122.05
3756,1243,10,1,157.92
3757,1243,17,4,127.96
3758,1243,25,4,132.35
3759,1244,8,3,58.23
3760,1244,13,3,148.66
3761,1244,12,4,46.62
3762,1245,17,3,146.48
3763,1245,8,3,61.2
3764,1245,11,2,51.93
3765,1246,21,4,145.77
3766,1247,18,2,56.18
3767,1247,15,1,156.61
3768,1247,20,1,123.47
3769,1247,12,4,45.36
3770,1247,1,1,49.61
3771,1248,21,2,162.52
3772,1248,24,4,73.71
3773,1248,9,2,102.67
3774,1249,13,3,139.71
3775,1250,20,2,113.78
3776,1250,22,3,210.1
3777,1250,10,2,147.77
3778,1250,24,4,77.71
3779,1251,14,3,87.15
3780,1251,7,1,113.85
3781,1251,4,3,89.88
3782,1251,10,4,152.47
3783,1251,25,3,140.49
3784,1252,24,3,71.24
3785,1252,22,2,204.96
3786,1253,13,3,148.13
3787,1253,10,1,173.76
3788,1253,14,1,92.9
3789,1253,9,2,109.45
3790,1254,15,1,170.67
3791,1254,20,3,102.23
3792,1255,8,3,59.64
3793,1255,7,3,108.57
3794,1255,25,1,130.31
3795,1256,4,4,82.63
3796,1257,7,2,106.45
3797,1257,8,2,62.47
3798,1257,19,3,170.47
3799,1257,3,1,15.41
3800,1257,21,1,168.48
3801,1258,25,1,132.19
3802,1258,17,4,149.98
3803,1258,16,1,109.45
3804,1258,11,2,45.99
3805,1258,13,1,163.19
3806,1259,4,1,77.75
3807,1259,18,4,58.85
3808,1259,5,4,19.48
3809,1259,20,3,120.96
3810,1260,1,4,44.57
3811,1260,20,3,104.53
3812,1260,22,1,195.15
3813,1260,7,1,113.54
3814,1261,10,4,158.92
3815,1261,4,1,83.67
3816,1261,18,4,57.06
3817,1261,8,2,69.67
3818,1261,13,2,134.46
3819,1262,3,3,13.15
3820,1262,9,4,111.83
3821,1262,2,1,81.75
3822,1262,23,1,121.27
3823,1263,14,1,87.84
3824,1263,24,2,72.59
3825,1263,2,1,83.51
3826,1263,17,2,152.84
3827,1264,13,1,144.19
3828,1264,20,4,103.07
3829,1264,3,2,13.06
3830,1265,12,2,47.21
3831,1265,2,1,76.21
3832,1265,14,4,94.03
3833,1266,7,1,98.0
3834,1266,17,3,153.49
3835,1266,9,1,108.66
3836,1266,10,4,174.05
3837,1266,24,3,70.6
3838,1267,5,3,21.0
3839,1267,14,1,86.57
3840,1267,2,3,75.67
3841,1267,7,1,108.99
3842,1267,8,1,63.84
3843,1268,10,1,171.78
3844,1268,19,4,170.23
3845,1268,6,2,88.17
3846,1269,25,3,142.53
3847,1269,20,4,103.47
3848,1269,19,3,142.73
3849,1269,13,3,150.19
3850,1270,19,1,163.09
3851,1270,4,3,83.38
3852,1270,10,2,180.03
3853,1271,10,2,173.91
3854,1271,25,4,130.58
3855,1272,18,4,56.55
3856,1273,1,2,44.01
3857,1273,21,2,161.59
3858,1273,15,2,158.61
3859,1273,6,3,92.86
3860,1274,25,1,146.78
3861,1274,1,4,44.32
3862,1274,10,2,161.11
3863,1274,12,3,48.3
3864,1274,14,2,94.23
3865,1275,19,1,168.0
3866,1275,13,2,132.64
3867,1275,12,4,50.96
3868,1275,14,1,99.01
3869,1276,11,2,51.85
3870,1276,19,4,155.6
3871,1276,25,2,135.72
3872,1276,4,3,88.23
3873,1276,9,3,105.05
3874,1277,16,2,109.2
3875,1277,25,4,136.08
3876,1278,4,4,82.24
3877,1279,11,1,50.15
3878,1279,1,3,41.79
3879,1279,2,1,82.21
3880,1279,3,3,12.92
3881,1279,13,4,156.24
3882,1280,15,3,154.97
3883,1280,21,3,153.12
3884,1280,14,4,94.36
3885,1280,5,3,20.03
3886,1280,2,1,79.9
3887,1281,22,1,216.76
3888,1281,5,1,21.56
3889,1281,20,4,118.62
3890,1281,12,4,52.11
3891,1282,23,1,112.08
3892,1282,20,3,102.94
3893,1282,3,2,13.35
3894,1282,25,4,125.75
3895,1282,9,2,112.12
3896,1283,7,4,97.84
3897,1283,12,1,47.49
3898,1284,20,2,101.35
3899,1285,17,3,130.7
3900,1285,22,4,216.34
3901,1286,7,1,115.4
3902,1286,15,3,157.97
3903,1287,19,1,142.59
3904,1287,11,4,46.87
3905,1288,2,2,79.38
3906,1288,8,1,62.38
3907,1288,15,1,179.48
3908,1289,22,1,229.33
3909,1289,17,1,152.94
3910,1289,6,2,82.48
3911,1289,3,2,13.54
3912,1290,11,4,46.25
3913,1290,24,4,79.42
3914,1290,16,2,131.64
3915,1290,22,2,231.25
3916,1290,20,2,114.3
3917,1291,19,4,169.18
3918,1291,25,1,133.06
3919,1292,13,4,153.95
3920,1292,22,4,230.54
3921,1292,4,4,77.61
3922,1292,15,4,165.29
3923,1293,12,1,46.6
3924,1294,6,3,86.75
3925,1294,8,2,58.19
3926,1295,1,4,50.07
3927,1295,25,3,130.6
3928,1295,11,2,51.39
3929,1296,3,2,13.74
3930,1296,19,4,169.48
3931,1297,19,2,151.98
3932,1297,18,3,64.62
3933,1297,25,1,145.98
3934,1297,22,2,231.95
3935,1297,9,1,109.89
3936,1298,22,4,235.69
3937,1298,18,3,61.08
3938,1299,11,1,50.51
3939,1299,24,3,71.35
3940,1299,20,4,124.29
3941,1299,17,1,147.49
3942,1299,18,4,55.74
3943,1300,13,2,132.99
3944,1300,15,4,156.85
3945,1300,16,1,133.92
3946,1300,7,1,111.54
3947,1300,18,4,60.92
3948,1301,20,4,113.4
3949,1301,19,2,165.2
3950,1302,16,1,129.48
3951,1302,24,3,76.55
3952,1303,12,3,51.71
3953,1303,2,3,80.56
3954,1304,22,1,193.09
3955,1304,15,1,153.14
3956,1304,19,2,163.29
3957,1305,17,4,144.46
3958,1305,13,2,136.54
3959,1306,21,3,170.72
3960,1306,5,2,22.08
3961,1307,4,1,85.37
3962,1307,11,3,45.76
3963,1307,13,3,154.64
3964,1307,6,4,83.91
3965,1307,9,3,99.94
3966,1308,8,3,58.41
3967,1308,23,1,116.01
3968,1308,11,4,47.64
3969,1308,17,1,155.13
3970,1308,20,4,113.71
3971,1309,11,3,52.34
3972,1309,1,2,41.09
3973,1309,20,3,116.31
3974,1309,25,1,143.86
3975,1309,16,1,132.97
3976,1310,2,3,77.77
3977,1310,7,3,113.21
3978,1311,3,4,13.08
3979,1311,11,3,45.92
3980,1311,10,2,172.27
3981,1312,16,2,129.69
3982,1312,24,4,79.19
3983,1312,17,1,127.23
3984,1312,4,3,90.01
3985,1313,10,1,148.27
3986,1314,17,1,144.8
3987,1314,4,2,86.63
3988,1314,23,1,109.05
3989,1314,19,2,145.65
3990,1314,16,3,119.51
3991,1315,25,4,141.47
3992,1315,14,4,96.33
3993,1315,2,3,73.21
3994,1315,11,2,45.26
3995,1315,19,3,154.58
3996,1316,24,3,78.33
3997,1316,19,3,163.59
3998,1316,14,3,89.07
3999,1317,3,4,15.72
4000,1318,2,1,70.91
4001,1319,21,3,173.39
4002,1319,8,1,59.83
4003,1319,3,3,13.78
4004,1319,5,1,20.6
4005,1319,4,4,83.14
4006,1320,10,4,160.4
4007,1320,17,4,131.05
4008,1320,20,2,111.42
4009,1321,21,1,148.37
4010,1321,14,2,103.98
4011,1321,5,3,19.25
4012,1322,23,1,120.28
4013,1322,18,2,65.3
4014,1323,21,3,165.11
4015,1324,17,2,139.14
4016,1325,15,4,161.33
4017,1325,12,1,49.52
4018,1325,1,2,48.62
4019,1325,18,3,60.72
4020,1325,6,3,85.47
4021,1326,16,2,131.34
4022,1326,5,1,19.75
4023,1326,13,1,148.06
4024,1327,22,1,209.41
4025,1327,18,2,63.78
4026,1327,8,1,65.7
4027,1327,24,2,66.95
4028,1328,19,2,169.08
4029,1328,21,1,155.01
4030,1329,20,1,118.81
4031,1329,7,3,110.15
4032,1329,24,1,75.91
4033,1329,14,2,96.62
4034,1329,6,2,85.02
4035,1330,19,2,148.41
4036,1330,18,3,57.99
4037,1331,24,4,70.47
4038,1331,16,1,123.84
4039,1331,8,3,68.65
4040,1331,6,4,92.12
4041,1332,20,2,114.95
4042,1332,19,4,140.28
4043,1332,15,1,158.8
4044,1332,1,4,48.35
4045,1333,16,3,112.73
4046,1333,23,2,105.65
4047,1334,5,3,20.06
4048,1335,2,4,78.16
4049,1335,9,4,102.74
4050,1336,23,3,118.6
4051,1336,24,3,68.83
4052,1337,25,1,124.91
4053,1338,21,1,159.56
4054,1338,3,3,15.27
4055,1338,19,2,169.0
4056,1338,11,1,44.07
4057,1339,24,3,69.05
4058,1339,12,3,49.4
4059,1339,22,2,194.27
4060,1339,1,2,49.82
4061,1339,3,4,15.74
4062,1340,3,4,12.9
4063,1340,20,2,118.78
4064,1340,4,1,77.11
4065,1340,5,1,22.08
4066,1341,15,1,151.31
4067,1341,25,1,122.49
4068,1341,22,4,209.87
4069,1341,5,2,22.28
4070,1342,15,2,172.38
4071,1343,7,2,96.23
4072,1343,20,2,111.62
4073,1344,15,3,174.24
4074,1344,21,1,149.04
4075,1345,10,1,174.38
4076,1346,11,3,53.96
4077,1346,1,2,46.78
4078,1347,7,1,113.59
4079,1347,23,1,121.93
4080,1347,12,2,50.02
4081,1347,24,3,67.96
4082,1347,13,4,157.79
4083,1348,4,4,89.7
4084,1348,5,3,20.67
4085,1348,9,4,98.17
4086,1348,7,2,100.15
4087,1349,1,4,50.0
4088,1349,5,4,18.87
4089,1350,16,1,120.56
4090,1350,9,1,100.85
4091,1350,2,1,75.04
4092,1350,6,2,82.93
4093,1350,20,3,114.0
4094,1351,6,1,84.74
4095,1351,22,3,193.17
4096,1351,21,1,148.2
4097,1352,16,4,118.64
4098,1352,19,3,158.24
4099,1352,25,3,131.66
4100,1352,21,3,156.57
4101,1353,16,3,121.04
4102,1353,4,1,75.44
4103,1353,5,1,21.66
4104,1354,1,4,46.37
4105,1354,24,1,72.94
4106,1355,17,1,150.98
4107,1355,2,3,75.61
4108,1355,18,2,62.17
4109,1355,1,1,50.42
4110,1356,17,4,140.26
4111,1356,2,2,69.27
4112,1357,10,3,180.61
4113,1358,13,1,154.07
4114,1358,6,1,80.87
4115,1359,22,4,218.6
4116,1359,12,4,43.11
4117,1359,15,1,166.78
4118,1359,14,3,89.5
4119,1359,23,2,117.14
4120,1360,13,3,150.37
4121,1360,14,2,102.2
4122,1360,5,4,18.42
4123,1360,3,1,15.7
4124,1361,11,1,51.62
4125,1361,21,1,145.69
4126,1361,19,4,159.66
4127,1362,19,1,164.66
4128,1362,8,3,64.74
4129,1362,18,3,57.76
4130,1363,2,1,81.4
4131,1363,9,3,105.49
4132,1364,20,2,116.79
4133,1364,17,2,140.57
4134,1364,16,4,126.77
4135,1364,21,4,156.92
4136,1365,4,3,90.0
4137,1365,5,4,20.41
4138,1365,7,3,100.97
4139,1365,16,2,128.75
4140,1366,22,4,228.11
4141,1366,19,1,161.12
4142,1366,20,3,105.27
4143,1366,10,4,176.4
4144,1366,4,2,73.98
4145,1367,6,2,93.06
4146,1367,4,1,84.44
4147,1367,3,3,13.04
4148,1367,14,1,90.22
4149,1367,2,4,82.9
4150,1368,1,3,49.98
4151,1368,24,1,78.62
4152,1368,18,1,67.02
4153,1368,17,4,153.42
4154,1369,15,3,165.41
4155,1370,17,2,128.59
4156,1370,12,1,45.43
4157,1370,15,1,161.84
4158,1370,1,3,45.59
4159,1371,19,4,140.99
4160,1371,3,1,15.56
4161,1371,10,4,170.38
4162,1371,20,3,120.21
4163,1372,5,4,21.21
4164,1372,15,1,156.58
4165,1372,24,3,69.53
4166,1372,25,1,126.49
4167,1372,13,1,156.75
4168,1373,16,2,113.72
4169,1374,18,3,55.94
4170,1374,8,4,64.83
4171,1374,11,4,45.71
4172,1374,24,1,79.7
4173,1374,13,4,154.01
4174,1375,8,1,60.6
4175,1375,24,3,68.32
4176,1375,9,4,91.81
4177,1375,20,3,103.77
4178,1375,14,2,88.71
4179,1376,21,3,162.35
4180,1376,14,2,85.5
4181,1377,9,4,103.04
4182,1377,18,2,62.45
4183,1378,13,4,150.9
4184,1378,16,1,120.09
4185,1378,5,1,18.73
4186,1379,19,2,149.63
4187,1380,7,4,97.82
4188,1380,23,2,113.96
4189,1381,2,3,77.35
4190,1381,9,1,100.19
4191,1382,12,3,47.81
4192,1382,9,3,94.25
4193,1383,7,3,101.54
4194,1384,16,4,132.21
4195,1385,23,1,115.69
4196,1385,9,1,110.23
4197,1386,3,4,14.31
4198,1386,15,1,174.61
4199,1386,9,3,104.97
4200,1387,18,2,63.53
4201,1387,14,4,99.5
4202,1387,20,4,108.77
4203,1388,11,3,49.9
4204,1389,20,2,118.56
4205,1390,12,1,46.35
4206,1390,8,1,63.4
4207,1390,23,4,118.97
4208,1390,13,1,139.24
4209,1391,13,4,162.52
4210,1391,7,2,97.64
4211,1391,14,3,92.08
4212,1391,11,1,47.74
4213,1391,8,1,57.69
4214,1392,5,3,19.12
4215,1392,10,3,178.9
4216,1392,17,4,147.1
4217,1393,16,4,115.91
4218,1393,14,1,101.99
4219,1393,2,3,73.47
4220,1393,11,3,48.89
4221,1394,19,4,163.43
4222,1395,17,1,139.43
4223,1395,20,2,121.77
4224,1396,5,4,19.8
4225,1396,21,3,145.81
4226,1396,6,4,92.53
4227,1396,25,3,125.66
4228,1397,6,2,98.79
4229,1397,4,4,80.93
4230,1397,5,4,21.34
4231,1397,10,4,157.8
4232,1398,1,3,47.87
4233,1398,4,1,75.12
4234,1398,3,3,14.36
4235,1398,6,4,99.36
4236,1399,19,4,170.22
4237,1399,17,2,132.59
4238,1399,13,1,137.55
4239,1399,16,3,120.58
4240,1400,15,4,174.79
4241,1400,5,2,21.1
4242,1400,23,4,104.34
4243,1401,7,3,100.53
4244,1402,12,4,51.54
4245,1402,23,1,113.62
4246,1402,19,3,169.63
4247,1402,24,2,71.69
4248,1403,4,2,82.23
4249,1403,22,3,208.04
4250,1404,9,3,105.61
4251,1404,10,3,172.65
4252,1404,21,2,172.62
4253,1404,12,1,43.94
4254,1405,10,4,170.65
4255,1405,25,1,131.88
4256,1405,18,4,64.37
4257,1405,20,2,117.18
4258,1406,16,1,114.1
4259,1406,6,4,93.52
4260,1407,23,1,121.82
4261,1407,1,1,46.88
4262,1407,21,4,176.57
4263,1408,2,2,73.63
4264,1408,13,2,140.47
4265,1409,10,1,176.73
4266,1409,1,1,45.99
4267,1410,10,2,156.7
4268,1410,17,3,154.09
4269,1410,3,3,13.54
4270,1410,14,4,86.57
4271,1410,12,2,51.07
4272,1411,20,1,101.71
4273,1411,7,3,100.8
4274,1411,15,1,152.42
4275,1411,23,4,125.66
4276,1412,24,2,79.7
4277,1412,13,1,141.69
4278,1412,20,3,112.81
4279,1412,19,2,165.21
4280,1412,14,1,91.01
4281,1413,8,4,66.57
4282,1413,2,2,72.71
4283,1413,3,2,15.26
4284,1413,24,2,75.16
4285,1414,4,4,74.05
4286,1414,5,2,22.42
4287,1414,21,2,177.29
4288,1414,22,1,223.81
4289,1414,18,2,56.72
4290,1415,6,2,83.87
4291,1416,13,1,147.97
4292,1416,15,4,172.1
4293,1416,14,1,85.72
4294,1416,4,1,87.67
4295,1416,2,2,74.4
4296,1417,18,3,62.9
4297,1417,10,1,167.45
4298,1418,14,2,89.42
4299,1418,25,3,130.7
4300,1418,18,3,65.24
4301,1419,24,1,73.06
4302,1419,25,4,144.94
4303,1420,11,4,48.35
4304,1420,24,1,71.11
4305,1420,19,1,152.17
4306,1421,3,4,15.51
4307,1421,1,3,49.39
4308,1421,21,1,167.82
4309,1422,15,3,150.81
4310,1423,16,3,129.03
4311,1423,2,2,75.32
4312,1423,17,2,135.53
4313,1423,20,2,110.35
4314,1423,1,4,42.56
4315,1424,8,1,63.38
4316,1424,18,4,64.6
4317,1424,14,1,92.82
4318,1424,17,3,150.7
4319,1424,21,4,150.09
4320,1425,1,2,41.24
4321,1425,23,1,105.7
4322,1425,20,3,112.18
4323,1425,8,2,62.14
4324,1426,25,3,145.46
4325,1427,11,4,48.85
4326,1427,17,3,147.81
4327,1427,4,2,81.97
4328,1428,4,2,78.37
4329,1429,14,2,88.77
4330,1429,9,4,98.76
4331,1430,24,2,67.6
4332,1430,12,3,49.68
4333,1430,9,3,102.03
4334,1431,5,1,21.41
4335,1431,1,1,50.08
4336,1431,19,1,140.07
4337,1431,12,4,45.03
4338,1431,16,3,119.71
4339,1432,5,4,22.62
4340,1432,9,2,111.37
4341,1433,1,4,46.04
4342,1433,2,2,70.99
4343,1433,3,3,14.91
4344,1434,3,3,12.78
4345,1434,13,1,134.01
4346,1434,18,3,66.67
4347,1434,25,1,121.8
4348,1435,6,3,84.06
4349,1435,15,1,173.23
4350,1435,4,1,86.39
4351,1435,22,2,234.43
4352,1435,3,4,12.92
4353,1436,15,1,175.39
4354,1437,16,3,132.45
4355,1438,19,3,145.39
4356,1438,10,2,174.64
4357,1438,18,4,59.87
4358,1438,23,2,123.37
4359,1438,11,4,47.39
4360,1439,25,1,146.15
4361,1439,4,2,90.43
4362,1439,14,2,101.68
4363,1439,24,1,69.28
4364,1440,2,4,71.97
4365,1440,5,2,18.64
4366,1440,12,3,44.96
4367,1441,25,1,130.62
4368,1441,8,3,70.17
4369,1441,11,4,44.24
4370,1441,5,4,20.28
4371,1441,14,2,105.4
4372,1442,7,2,103.98
4373,1442,18,3,59.77
4374,1442,10,2,165.74
4375,1442,6,3,86.87
4376,1442,11,4,52.25
4377,1443,12,3,43.62
4378,1443,15,4,152.85
4379,1443,20,2,118.72
4380,1443,11,1,49.96
4381,1444,4,3,86.16
4382,1444,2,1,82.71
4383,1444,16,1,133.6
4384,1445,4,2,79.21
4385,1445,20,3,118.13
4386,1445,22,4,222.47
4387,1445,1,1,47.65
4388,1446,23,3,122.22
4389,1446,20,3,118.0
4390,1446,12,1,49.69
4391,1446,8,1,69.02
4392,1447,19,1,143.14
4393,1447,12,4,50.47
4394,1447,2,1,69.67
4395,1448,12,3,47.25
4396,1448,21,3,145.06
4397,1449,4,2,88.14
4398,1449,25,4,135.93
4399,1449,15,1,179.59
4400,1449,23,3,118.03
4401,1450,2,1,84.21
4402,1451,25,2,138.6
4403,1451,24,1,66.02
4404,1451,1,3,42.24
4405,1452,20,1,114.28
4406,1452,23,1,125.54
4407,1452,25,3,143.94
4408,1452,10,2,180.26
4409,1452,3,3,13.8
4410,1453,11,1,44.18
4411,1453,5,4,22.5
4412,1453,2,1,78.77
4413,1453,12,4,48.57
4414,1453,13,1,134.47
4415,1454,25,2,147.19
4416,1455,23,2,116.26
4417,1455,7,3,102.28
4418,1456,1,4,45.76
4419,1457,7,2,109.6
4420,1458,13,3,136.22
4421,1458,11,4,45.73
4422,1459,19,2,159.5
4423,1459,2,2,71.92
4424,1460,3,1,14.97
4425,1461,22,1,220.45
4426,1461,2,4,76.61
4427,1461,12,2,42.95
4428,1461,8,1,58.22
4429,1462,20,3,122.71
4430,1462,1,3,50.26
4431,1463,18,1,56.76
4432,1463,15,4,158.13
4433,1463,11,4,44.31
4434,1463,19,2,151.62
4435,1463,6,2,95.65
4436,1464,12,1,45.39
4437,1464,17,4,153.29
4438,1464,6,2,80.56
4439,1465,6,1,83.97
4440,1465,8,4,66.43
4441,1465,23,2,104.89
4442,1466,3,1,14.33
4443,1466,12,4,50.1
4444,1467,4,2,82.79
4445,1467,25,3,134.68
4446,1467,17,1,148.53
4447,1467,14,3,96.94
4448,1468,23,4,115.91
4449,1468,4,1,85.79
4450,1469,18,2,55.42
4451,1469,25,4,136.31
4452,1469,23,2,114.77
4453,1469,20,4,122.78
4454,1470,2,2,71.11
4455,1470,22,4,199.04
4456,1470,4,1,76.6
4457,1471,21,2,166.42
4458,1471,8,2,57.83
4459,1472,21,2,175.29
4460,1472,7,1,96.88
4461,1472,24,3,74.93
4462,1473,24,1,67.95
4463,1473,21,2,177.13
4464,1474,5,4,20.49
4465,1474,23,2,119.27
4466,1475,2,2,76.5
4467,1475,25,4,128.65
4468,1476,1,1,44.35
4469,1476,22,2,233.88
4470,1477,19,2,142.3
4471,1477,4,1,85.35
4472,1477,20,2,124.96
4473,1477,18,1,59.9
4474,1478,16,3,118.89
4475,1479,19,2,141.89
4476,1479,24,1,70.06
4477,1480,20,4,110.68
4478,1481,4,4,73.77
4479,1481,14,1,92.87
4480,1482,13,4,139.45
4481,1482,15,4,179.55
4482,1482,25,1,135.24
4483,1482,2,4,74.23
4484,1483,10,4,180.45
4485,1483,21,4,177.16
4486,1483,2,3,78.13
4487,1484,1,4,42.64
4488,1484,10,2,151.53
4489,1484,21,2,157.03
4490,1485,9,4,105.9
4491,1485,7,3,116.51
4492,1486,4,1,82.76
4493,1486,22,4,234.52
4494,1487,14,3,103.75
4495,1487,5,1,21.18
4496,1487,21,4,152.91
4497,1487,8,2,64.55
4498,1487,24,2,79.74
4499,1488,12,1,46.49
4500,1488,22,2,201.85
4501,1489,23,2,104.37
4502,1490,16,3,118.67
4503,1490,13,4,156.38
4504,1490,1,4,49.86
4505,1490,12,3,47.85
4506,1490,24,4,72.2
4507,1491,7,4,103.72
4508,1491,12,4,52.8
4509,1491,8,3,62.31
4510,1492,3,2,13.0
4511,1492,14,3,91.24
4512,1492,7,1,107.42
4513,1492,9,1,103.9
4514,1493,17,2,149.43
4515,1493,3,2,13.73
4516,1493,11,3,49.77
4517,1494,4,1,81.37
4518,1494,8,3,58.87
4519,1495,6,3,81.54
4520,1495,13,3,152.41
4521,1495,4,2,77.81
4522,1496,10,3,177.71
4523,1497,8,2,58.43
4524,1497,22,1,193.06
4525,1497,25,1,133.14
4526,1497,15,3,179.2
4527,1498,15,2,154.57
4528,1498,3,3,14.98
4529,1498,18,2,60.12
4530,1498,9,4,97.16
4531,1498,11,4,44.34
4532,1499,21,1,167.4
4533,1499,22,4,227.64
4534,1500,15,4,170.96
4535,1500,5,4,19.16
4536,1500,19,4,138.13
4537,1500,14,3,103.82
4538,1501,5,1,18.45
4539,1501,15,3,158.6
4540,1501,18,1,55.03
4541,1502,24,1,70.77
4542,1502,5,3,20.34
4543,1503,20,3,106.74
4544,1504,25,1,133.11
4545,1504,13,2,160.43
4546,1505,12,4,44.59
4547,1505,23,1,116.99
4548,1505,5,2,20.83
4549,1505,17,4,150.14
4550,1505,25,3,122.82
4551,1506,8,2,59.06
4552,1506,5,4,19.32
4553,1507,20,4,117.82
4554,1507,6,2,95.35
4555,1507,1,2,42.27
4556,1507,10,4,161.82
4557,1507,12,3,52.61
4558,1508,18,4,55.15
4559,1509,25,2,142.52
4560,1510,16,1,113.18
4561,1511,8,1,69.97
4562,1511,18,4,63.11
4563,1511,22,4,233.35
4564,1511,21,3,162.07
4565,1511,6,3,95.31
4566,1512,5,2,18.95
4567,1512,7,2,116.04
4568,1512,23,1,117.81
4569,1513,12,2,50.04
4570,1513,18,2,56.85
4571,1514,6,3,92.97
4572,1514,20,4,107.11
4573,1514,11,4,52.75
4574,1514,7,2,96.89
4575,1515,13,3,135.43
4576,1515,22,2,191.99
4577,1515,16,3,115.06
4578,1516,11,2,51.83
4579,1516,5,2,20.07
4580,1516,1,1,45.93
4581,1516,22,3,221.66
4582,1516,3,2,14.47
4583,1517,3,4,12.89
4584,1517,11,3,46.43
4585,1517,24,1,78.37
4586,1517,9,1,99.5
4587,1518,25,1,135.22
4588,1518,22,1,217.7
4589,1518,11,4,49.94
4590,1518,14,2,97.38
4591,1518,9,4,103.35
4592,1519,5,1,19.44
4593,1520,20,4,103.63
4594,1521,3,2,15.02
4595,1521,7,4,115.73
4596,1521,19,4,153.04
4597,1522,19,4,145.02
4598,1523,8,2,58.8
4599,1523,3,4,14.78
4600,1523,20,1,112.31
4601,1523,25,3,138.75
4602,1524,21,2,172.45
4603,1524,18,2,66.64
4604,1524,14,3,89.58
4605,1524,12,1,49.16
4606,1525,17,3,132.17
4607,1526,19,1,149.44
4608,1527,9,4,108.79
4609,1527,10,3,163.66
4610,1527,19,1,138.05
4611,1527,21,4,176.77
4612,1528,22,3,217.53
4613,1528,25,4,145.14
4614,1528,14,1,93.94
4615,1528,16,2,119.08
4616,1528,13,3,145.44
4617,1529,1,4,43.38
4618,1530,2,4,84.09
4619,1530,19,4,158.03
4620,1531,21,3,148.63
4621,1532,2,3,77.95
4622,1532,23,1,106.82
4623,1533,15,2,162.11
4624,1533,14,2,105.36
4625,1534,20,4,109.65
4626,1534,18,3,59.88
4627,1534,19,4,146.07
4628,1534,25,3,140.38
4629,1534,11,3,51.52
4630,1535,10,1,160.74
4631,1536,8,3,60.07
4632,1536,23,3,123.65
4633,1536,9,3,91.93
4634,1536,19,2,142.76
4635,1536,15,1,167.89
4636,1537,24,3,67.52
4637,1537,7,2,97.72
4638,1537,19,1,170.41
4639,1537,22,4,197.53
4640,1538,25,3,144.47
4641,1538,2,3,71.5
4642,1538,16,4,118.69
4643,1538,11,4,52.09
4644,1539,2,3,72.88
4645,1540,5,2,20.79
4646,1541,4,1,77.05
4647,1541,5,4,19.78
4648,1541,25,4,143.49
4649,1542,11,3,50.31
4650,1542,19,4,169.31
4651,1543,19,2,168.68
4652,1544,7,3,104.3
4653,1544,9,2,93.39
4654,1544,23,2,125.04
4655,1545,10,2,175.73
4656,1545,6,2,98.21
4657,1546,7,4,101.97
4658,1546,10,3,161.12
4659,1547,22,4,214.46
4660,1547,15,4,174.41
4661,1548,23,3,111.7
4662,1548,5,1,19.0
4663,1548,19,1,159.01
4664,1549,3,2,15.74
4665,1549,15,3,154.53
4666,1549,9,3,92.82
4667,1550,2,3,75.19
4668,1550,6,3,83.97
4669,1550,18,3,63.93
4670,1551,17,2,127.03
4671,1551,5,1,18.92
4672,1552,7,2,95.89
4673,1552,1,2,43.47
4674,1553,22,4,227.04
4675,1554,5,3,21.58
4676,1554,25,3,126.23
4677,1554,16,1,113.63
4678,1554,20,3,106.36
4679,1555,18,2,54.93
4680,1555,25,3,139.35
4681,1555,9,2,92.57
4682,1555,16,3,120.95
4683,1555,6,1,82.26
4684,1556,10,3,149.07
4685,1556,2,4,83.15
4686,1557,24,4,70.95
4687,1557,25,3,130.85
4688,1557,4,2,89.54
4689,1557,16,1,119.1
4690,1558,5,2,19.81
4691,1558,22,1,199.82
4692,1558,16,3,124.56
4693,1558,21,3,157.02
4694,1559,17,2,141.23
4695,1559,24,2,72.97
4696,1559,5,1,21.77
4697,1560,4,4,90.24
4698,1561,14,1,94.63
4699,1561,24,1,79.36
4700,1561,20,4,108.28
4701,1561,2,1,81.24
4702,1561,22,2,218.7
4703,1562,20,3,118.87
4704,1562,9,1,102.2
4705,1562,23,2,106.73
4706,1562,12,4,52.34
4707,1562,6,3,85.27
4708,1563,12,3,44.32
4709,1564,22,4,230.05
4710,1564,9,2,111.14
4711,1564,19,1,160.5
4712,1565,10,3,164.43
4713,1565,15,4,164.95
4714,1565,1,3,41.13
4715,1566,12,4,50.53
4716,1567,7,4,101.17
4717,1567,22,2,209.63
4718,1567,15,2,152.87
4719,1568,8,4,63.4
4720,1568,9,2,95.01
4721,1568,6,3,91.29
4722,1568,15,1,161.82
4723,1569,5,2,18.46
4724,1570,5,3,18.85
4725,1570,19,3,168.02
4726,1571,19,3,162.61
4727,1571,11,4,46.23
4728,1572,21,2,171.98
4729,1572,14,3,98.85
4730,1573,3,1,14.7
4731,1573,11,3,44.84
4732,1573,22,2,224.36
4733,1573,9,2,105.67
4734,1574,18,1,56.83
4735,1574,8,2,58.3
4736,1574,23,2,121.36
4737,1574,6,3,94.73
4738,1574,3,1,14.89
4739,1575,14,1,87.58
4740,1575,18,1,61.38
4741,1575,16,3,123.46
4742,1575,13,1,144.29
4743,1575,10,3,173.0
4744,1576,6,4,92.63
4745,1576,19,4,145.96
4746,1576,17,3,142.28
4747,1576,16,4,125.56
4748,1577,20,4,118.61
4749,1578,20,2,118.38
4750,1579,6,3,93.62
4751,1579,1,1,43.77
4752,1580,10,4,179.49
4753,1581,3,4,15.35
4754,1582,19,1,159.18
4755,1582,20,2,103.98
4756,1582,9,1,92.79
4757,1582,23,4,112.69
4758,1583,2,1,74.0
4759,1584,18,2,65.77
4760,1584,13,1,142.18
4761,1585,8,1,69.59
4762,1585,17,2,154.34
4763,1585,18,2,63.03
4764,1586,13,2,157.76
4765,1586,18,4,66.55
4766,1586,23,2,106.78
4767,1586,14,2,103.24
4768,1587,7,4,115.6
4769,1587,16,1,122.16
4770,1588,25,2,131.42
4771,1588,13,3,162.19
4772,1588,6,1,80.55
4773,1588,15,1,153.9
4774,1588,4,2,77.0
4775,1589,17,4,148.74
4776,1589,24,1,74.17
4777,1589,8,3,66.54
4778,1589,12,1,46.91
4779,1589,6,4,89.88
4780,1590,19,1,165.82
4781,1590,6,3,85.23
4782,1590,1,1,47.02
4783,1591,4,1,79.62
4784,1591,15,4,167.41
4785,1591,17,2,142.89
4786,1591,23,3,110.94
4787,1592,23,2,119.42
4788,1593,18,3,61.94
4789,1593,13,1,136.48
4790,1593,25,4,124.97
4791,1593,6,2,87.05
4792,1594,21,3,174.01
4793,1594,1,1,45.32
4794,1594,25,4,123.24
4795,1594,15,4,161.99
4796,1595,20,1,114.53
4797,1595,13,4,141.72
4798,1595,16,4,115.72
4799,1595,1,3,47.64
4800,1595,18,3,59.77
4801,1596,17,2,135.37
4802,1596,10,4,165.01
4803,1596,4,3,77.09
4804,1596,14,1,105.55
4805,1596,15,3,174.24
4806,1597,1,4,49.47
4807,1597,20,3,124.34
4808,1597,6,1,96.37
4809,1598,2,1,68.69
4810,1598,13,2,140.59
4811,1598,10,3,159.46
4812,1598,18,1,64.45
4813,1599,18,4,58.48
4814,1599,7,2,109.29
4815,1599,22,4,203.52
4816,1599,2,1,77.3
4817,1599,11,4,53.99
4818,1600,12,1,49.66
4819,1600,1,4,48.35
4820,1600,2,4,70.04
4821,1600,7,3,109.87
