order_id,customer_id,order_date,status
1,38,2025-03-28,cancelled
2,152,2024-01-23,returned
3,181,2024-08-12,completed
4,168,2025-03-01,completed
5,484,2025-05-08,returned
6,371,2025-11-21,returned
7,114,2025-10-25,completed
8,70,2025-02-01,completed
9,438,2025-01-06,completed
10,109,2025-10-19,completed
11,65,2025-08-01,completed
12,14,2024-05-14,completed
13,216,2025-06-22,completed
14,263,2025-08-30,completed
15,228,2024-03-16,cancelled
16,310,2025-03-16,completed
17,455,2024-08-21,completed
18,426,2024-03-28,completed
19,285,2024-03-02,completed
20,247,2024-08-17,completed
21,337,2025-12-11,completed
22,446,2024-05-26,completed
23,167,2025-08-04,completed
24,26,2025-11-21,completed
25,348,2025-08-30,completed
26,149,2024-12-01,completed
27,236,2024-03-20,cancelled
28,433,2024-04-18,completed
29,491,2025-10-22,completed
30,336,2024-03-18,completed
31,303,2024-02-27,completed
32,30,2025-01-12,completed
33,260,2025-01-28,completed
34,89,2024-02-10,completed
35,332,2024-12-08,completed
36,371,2025-11-03,returned
37,169,2024-05-10,completed
38,152,2024-04-13,completed
39,313,2024-10-18,completed
40,419,2024-07-23,completed
41,265,2024-05-07,completed
42,114,2025-04-06,cancelled
43,192,2024-08-29,completed
44,477,2024-04-11,completed
45,3,2024-03-22,completed
46,63,2024-02-18,completed
47,343,2024-03-28,completed
48,130,2024-01-17,completed
49,322,2024-04-16,completed
50,246,2025-10-08,completed
51,103,2024-02-12,completed
52,170,2024-10-06,completed
53,255,2025-01-11,cancelled
54,228,2024-12-25,completed
55,74,2025-09-14,completed
56,40,2025-08-10,completed
57,199,2025-07-29,completed
58,232,2024-06-25,cancelled
59,261,2024-08-17,completed
60,283,2024-05-12,completed
61,368,2025-05-05,completed
62,467,2024-02-26,completed
63,48,2025-05-29,completed
64,16,2025-05-24,cancelled
65,161,2024-11-22,completed
66,231,2024-09-10,completed
67,215,2024-09-11,returned
68,264,2025-04-23,completed
69,145,2025-05-21,completed
70,288,2024-07-18,completed
71,50,2025-02-07,completed
72,366,2024-12-07,completed
73,345,2024-04-22,returned
74,486,2025-12-18,completed
75,212,2025-12-08,completed
76,176,2025-07-13,completed
77,361,2024-07-31,completed
78,148,2024-03-21,completed
79,343,2025-06-27,completed
80,395,2024-05-20,completed
81,90,2025-03-03,cancelled
82,5,2024-11-01,completed
83,329,2025-07-10,completed
84,375,2025-04-14,completed
85,439,2025-10-16,cancelled
86,386,2024-09-30,returned
87,82,2025-02-19,completed
88,233,2025-09-12,completed
89,77,2024-06-17,completed
90,345,2024-11-11,completed
91,242,2024-02-02,completed
92,470,2025-01-21,completed
93,422,2024-08-23,completed
94,35,2024-04-13,completed
95,149,2024-08-27,completed
96,219,2025-07-23,completed
97,276,2025-04-29,completed
98,496,2025-03-02,completed
99,434,2025-01-14,completed
100,97,2025-08-24,completed
101,398,2024-10-16,completed
102,114,2024-05-29,completed
103,329,2025-05-17,completed
104,343,2024-02-19,completed
105,283,2025-02-25,completed
106,137,2025-02-10,completed
107,244,2024-02-27,completed
108,440,2024-04-07,cancelled
109,355,2025-08-03,completed
110,289,2025-11-04,completed
111,124,2025-08-03,completed
112,39,2024-12-14,completed
113,317,2024-10-29,completed
114,365,2025-10-11,completed
115,230,2025-07-24,completed
116,372,2025-07-26,cancelled
117,155,2024-10-01,completed
118,154,2025-05-10,completed
119,486,2025-02-09,completed
120,401,2024-09-05,completed
121,237,2025-12-26,completed
122,405,2025-01-21,completed
123,314,2024-02-15,completed
124,348,2025-08-25,completed
125,44,2024-04-28,completed
126,179,2025-05-02,completed
127,283,2024-06-12,completed
128,361,2024-08-07,completed
129,275,2024-07-10,completed
130,328,2024-11-16,completed
131,192,2025-12-11,completed
132,96,2024-11-18,completed
133,408,2024-08-13,completed
134,138,2025-07-10,completed
135,17,2025-04-05,completed
136,122,2024-08-02,completed
137,361,2024-10-26,completed
138,65,2025-12-19,cancelled
139,296,2025-10-09,completed
140,2,2024-04-05,completed
141,425,2024-10-17,completed
142,353,2024-05-15,cancelled
143,321,2024-11-08,completed
144,40,2024-05-15,completed
145,189,2024-11-02,completed
146,85,2025-03-26,completed
147,45,2024-04-12,completed
148,220,2024-11-18,completed
149,354,2024-01-28,completed
150,58,2024-09-03,completed
151,111,2024-02-10,cancelled
152,472,2024-07-27,returned
153,224,2024-09-01,completed
154,312,2024-02-26,completed
155,178,2025-06-19,completed
156,220,2024-10-05,completed
157,131,2024-04-15,cancelled
158,442,2024-01-13,completed
159,40,2025-08-08,completed
160,103,2024-10-25,completed
161,280,2024-09-08,completed
162,272,2024-08-31,completed
163,472,2024-08-25,cancelled
164,134,2024-11-18,cancelled
165,161,2025-02-20,completed
166,357,2025-09-09,completed
167,90,2024-02-01,returned
168,422,2025-02-14,completed
169,39,2024-01-23,returned
170,483,2025-04-17,completed
171,316,2024-09-08,completed
172,401,2025-12-31,completed
173,393,2025-08-21,returned
174,486,2024-08-12,completed
175,289,2024-05-25,completed
176,120,2025-09-08,completed
177,434,2025-06-22,cancelled
178,173,2024-11-05,completed
179,288,2025-12-11,cancelled
180,163,2025-09-18,completed
181,355,2024-03-10,completed
182,225,2025-03-05,returned
183,18,2024-10-28,completed
184,315,2025-05-09,completed
185,153,2024-08-31,completed
186,327,2024-10-25,returned
187,229,2024-02-15,completed
188,302,2024-08-20,completed
189,462,2025-06-13,completed
190,133,2024-11-23,cancelled
191,283,2024-11-29,completed
192,136,2025-01-27,completed
193,11,2024-12-11,completed
194,165,2024-10-02,completed
195,449,2024-07-24,completed
196,422,2025-04-20,completed
197,251,2025-08-31,completed
198,332,2024-08-18,completed
199,308,2024-01-09,completed
200,340,2025-01-18,completed
201,413,2025-09-06,completed
202,378,2024-02-06,completed
203,133,2025-07-26,completed
204,158,2025-03-06,completed
205,100,2025-05-27,completed
206,250,2024-12-06,completed
207,397,2024-06-21,completed
208,207,2025-03-15,returned
209,128,2024-08-19,completed
210,149,2025-04-11,completed
211,68,2024-08-04,completed
212,60,2025-03-02,completed
213,79,2024-07-29,completed
214,340,2025-06-16,completed
215,21,2025-07-15,completed
216,465,2024-04-23,completed
217,26,2024-04-12,completed
218,161,2025-03-12,completed
219,71,2025-11-10,completed
220,206,2025-02-13,returned
221,433,2024-06-12,completed
222,33,2024-09-24,completed
223,343,2024-12-12,completed
224,446,2024-06-18,completed
225,230,2024-03-31,completed
226,288,2024-07-30,completed
227,338,2024-08-15,completed
228,368,2025-02-23,completed
229,3,2025-06-27,completed
230,312,2025-12-10,completed
231,281,2024-11-17,completed
232,299,2025-08-07,cancelled
233,385,2024-06-13,returned
234,445,2025-11-22,completed
235,25,2025-01-25,completed
236,280,2025-09-09,completed
237,89,2025-06-10,completed
238,67,2024-06-13,completed
239,294,2025-07-17,completed
240,114,2024-08-06,completed
241,464,2025-10-19,completed
242,99,2024-11-24,completed
243,108,2025-11-17,completed
244,482,2024-03-14,completed
245,407,2024-09-14,completed
246,38,2025-01-01,cancelled
247,145,2025-03-24,completed
248,70,2025-02-04,completed
249,485,2024-03-28,completed
250,93,2025-11-18,completed
251,38,2024-10-24,completed
252,318,2024-03-12,cancelled
253,491,2025-03-14,completed
254,237,2025-04-01,completed
255,101,2024-09-26,completed
256,435,2025-06-03,completed
257,257,2025-06-06,completed
258,92,2025-08-02,cancelled
259,136,2025-01-13,completed
260,21,2025-10-26,completed
261,181,2024-12-19,completed
262,309,2024-05-01,completed
263,304,2024-06-13,completed
264,242,2025-05-08,completed
265,198,2024-05-15,completed
266,462,2025-09-21,completed
267,411,2025-05-08,completed
268,449,2025-07-10,completed
269,193,2025-11-01,completed
270,314,2024-10-09,returned
271,438,2025-11-06,completed
272,411,2025-07-17,completed
273,3,2024-04-03,completed
274,306,2024-02-28,cancelled
275,402,2025-09-05,completed
276,45,2024-10-09,completed
277,287,2025-08-19,completed
278,287,2024-03-15,completed
279,493,2025-04-14,completed
280,135,2024-09-11,completed
281,103,2024-08-28,completed
282,340,2025-05-19,completed
283,277,2024-02-03,completed
284,52,2024-11-29,completed
285,215,2025-12-18,completed
286,285,2025-03-18,completed
287,256,2024-05-17,returned
288,172,2024-09-23,completed
289,229,2024-03-21,completed
290,37,2024-03-22,completed
291,228,2025-01-06,completed
292,14,2025-02-10,completed
293,44,2025-11-01,cancelled
294,240,2025-07-07,cancelled
295,188,2025-02-26,completed
296,245,2024-11-02,completed
297,113,2024-09-26,completed
298,437,2024-03-11,completed
299,497,2025-07-01,completed
300,225,2024-01-09,completed
301,256,2025-01-15,completed
302,488,2024-05-29,completed
303,500,2025-03-29,completed
304,49,2025-06-17,completed
305,22,2025-07-16,completed
306,121,2025-10-10,completed
307,203,2024-09-05,completed
308,80,2025-01-15,completed
309,389,2025-10-02,completed
310,225,2024-07-16,completed
311,166,2025-04-24,completed
312,187,2025-09-27,completed
313,350,2025-05-24,completed
314,268,2025-11-05,completed
315,293,2025-10-19,completed
316,476,2024-03-22,completed
317,407,2025-12-26,completed
318,337,2024-09-11,completed
319,360,2025-11-12,completed
320,259,2024-12-11,completed
321,282,2024-09-17,completed
322,162,2024-01-23,completed
323,456,2025-08-19,completed
324,89,2025-05-14,completed
325,117,2025-10-30,completed
326,269,2024-02-12,completed
327,43,2025-05-02,completed
328,205,2025-05-28,completed
329,293,2024-07-19,completed
330,13,2024-11-08,completed
331,373,2024-03-28,completed
332,420,2024-10-21,completed
333,170,2024-08-02,completed
334,343,2024-01-19,completed
335,453,2025-10-26,completed
336,473,2025-06-26,completed
337,321,2024-09-20,cancelled
338,175,2025-02-06,completed
339,348,2025-09-19,cancelled
340,169,2025-04-04,completed
341,461,2025-06-20,cancelled
342,212,2025-02-25,completed
343,314,2024-08-24,completed
344,434,2025-09-11,completed
345,8,2024-10-03,returned
346,489,2025-03-25,cancelled
347,381,2025-08-08,completed
348,265,2025-10-07,returned
349,217,2024-10-28,completed
350,331,2025-04-07,completed
351,355,2025-10-26,cancelled
352,44,2025-06-20,completed
353,493,2025-04-01,completed
354,255,2025-05-25,completed
355,302,2025-11-06,completed
356,179,2024-02-07,completed
357,45,2024-02-20,completed
358,384,2025-08-15,completed
359,460,2025-01-23,completed
360,56,2025-08-08,completed
361,93,2025-09-16,completed
362,213,2025-02-27,completed
363,260,2025-07-17,completed
364,371,2025-08-05,completed
365,174,2025-11-19,completed
366,154,2025-08-01,completed
367,16,2024-12-13,returned
368,487,2024-11-05,completed
369,464,2025-05-27,completed
370,481,2025-06-12,completed
371,478,2024-02-15,completed
372,344,2024-04-30,completed
373,180,2025-07-16,completed
374,174,2025-07-07,completed
375,201,2024-07-02,completed
376,471,2025-12-16,completed
377,470,2025-11-12,completed
378,179,2025-09-10,completed
379,175,2024-08-01,completed
380,91,2024-11-11,returned
381,306,2025-01-23,completed
382,455,2025-08-17,cancelled
383,232,2025-06-28,completed
384,262,2025-02-17,completed
385,121,2025-03-18,completed
386,185,2025-03-03,completed
387,250,2025-11-04,completed
388,233,2025-06-05,completed
389,280,2025-08-13,completed
390,58,2025-08-17,completed
391,41,2025-06-19,cancelled
392,340,2025-11-15,completed
393,306,2024-11-07,completed
394,143,2024-09-15,completed
395,134,2025-12-18,completed
396,421,2024-06-06,completed
397,60,2024-02-23,completed
398,475,2025-04-04,completed
399,334,2024-10-06,completed
400,347,2025-12-07,returned
401,180,2024-08-12,completed
402,62,2024-03-29,completed
403,240,2025-11-07,cancelled
404,133,2024-09-28,completed
405,92,2025-10-22,completed
406,367,2024-09-22,completed
407,10,2025-05-24,completed
408,359,2024-12-03,cancelled
409,156,2025-02-14,completed
410,236,2024-10-23,completed
411,459,2024-04-19,completed
412,304,2024-09-01,completed
413,495,2025-04-05,returned
414,404,2024-02-13,completed
415,120,2024-03-14,completed
416,333,2024-05-13,completed
417,88,2025-08-28,completed
418,316,2024-08-13,completed
419,494,2024-08-06,completed
420,9,2025-05-13,completed
421,304,2024-10-17,completed
422,368,2025-05-26,completed
423,3,2025-07-25,completed
424,442,2025-07-06,completed
425,23,2024-02-25,completed
426,91,2024-06-10,completed
427,51,2024-08-30,completed
428,224,2024-05-28,completed
429,57,2025-04-21,completed
430,327,2025-09-18,cancelled
431,223,2025-08-16,completed
432,386,2024-01-13,completed
433,383,2025-08-20,completed
434,354,2024-12-06,completed
435,29,2025-06-11,cancelled
436,361,2024-03-09,completed
437,386,2025-08-17,cancelled
438,217,2024-10-10,completed
439,485,2025-12-10,completed
440,201,2024-07-02,completed
441,357,2024-05-31,completed
442,216,2025-03-30,completed
443,447,2024-08-25,completed
444,395,2024-02-18,completed
445,355,2025-11-13,completed
446,190,2024-07-07,completed
447,76,2025-01-16,completed
448,394,2024-05-28,cancelled
449,387,2025-08-10,completed
450,48,2024-11-30,completed
451,43,2025-07-05,completed
452,163,2025-09-09,completed
453,367,2025-03-13,completed
454,455,2025-03-30,completed
455,445,2025-06-21,returned
456,210,2025-10-16,cancelled
457,156,2025-05-20,completed
458,331,2024-09-07,completed
459,419,2024-05-02,completed
460,150,2025-06-26,completed
461,94,2024-04-06,completed
462,358,2025-12-05,completed
463,287,2025-09-20,completed
464,456,2025-09-03,completed
465,158,2024-05-08,completed
466,397,2025-05-10,completed
467,338,2025-06-09,completed
468,180,2024-01-30,completed
469,367,2024-07-15,returned
470,472,2025-05-31,completed
471,117,2025-02-21,completed
472,253,2024-04-28,completed
473,411,2025-05-02,cancelled
474,203,2025-02-14,completed
475,500,2024-07-22,completed
476,233,2024-04-20,completed
477,348,2024-11-30,completed
478,17,2025-03-16,cancelled
479,193,2025-03-29,completed
480,85,2025-05-18,completed
481,438,2024-06-09,completed
482,179,2025-08-20,completed
483,332,2024-11-15,completed
484,11,2025-07-05,completed
485,51,2025-05-15,completed
486,224,2024-07-25,completed
487,25,2024-10-31,returned
488,334,2024-11-05,completed
489,281,2024-07-03,cancelled
490,351,2024-11-03,completed
491,59,2024-06-02,completed
492,464,2024-02-07,completed
493,249,2024-01-21,completed
494,462,2025-02-20,cancelled
495,293,2025-05-27,cancelled
496,112,2024-05-27,completed
497,192,2025-12-17,cancelled
498,11,2025-10-22,returned
499,199,2024-01-09,cancelled
500,141,2024-03-23,completed
501,374,2025-07-14,completed
502,57,2024-06-10,completed
503,448,2024-05-16,completed
504,499,2025-04-18,completed
505,189,2024-06-23,cancelled
506,476,2025-04-09,completed
507,308,2024-08-08,returned
508,231,2024-09-11,completed
509,286,2024-03-01,completed
510,203,2025-11-18,completed
511,66,2025-05-26,cancelled
512,224,2024-06-17,completed
513,240,2025-03-22,completed
514,146,2024-07-03,completed
515,303,2024-04-18,completed
516,490,2024-10-02,completed
517,487,2025-04-08,completed
518,437,2024-08-01,completed
519,50,2025-01-11,completed
520,263,2024-12-15,returned
521,224,2024-03-22,cancelled
522,238,2025-11-07,completed
523,94,2025-02-06,completed
524,41,2025-09-10,completed
525,60,2024-01-14,completed
526,8,2024-07-14,completed
527,108,2025-05-07,completed
528,217,2024-01-23,completed
529,231,2025-08-22,completed
530,306,2025-07-21,returned
531,303,2025-09-18,cancelled
532,60,2025-05-21,completed
533,113,2025-08-24,cancelled
534,427,2025-11-20,completed
535,81,2025-09-12,completed
536,458,2025-05-30,completed
537,117,2024-05-03,completed
538,493,2024-04-23,returned
539,51,2024-06-06,completed
540,259,2024-06-24,completed
541,71,2025-03-15,completed
542,396,2024-06-17,completed
543,161,2024-12-18,completed
544,455,2025-10-26,completed
545,379,2024-05-09,completed
546,431,2025-01-16,completed
547,418,2025-08-09,completed
548,425,2025-02-25,completed
549,229,2024-03-20,completed
550,74,2025-06-01,completed
551,210,2024-04-22,completed
552,458,2024-11-08,cancelled
553,23,2025-03-03,completed
554,342,2025-04-04,completed
555,456,2025-03-29,completed
556,408,2025-12-25,completed
557,317,2025-07-08,completed
558,258,2024-01-20,completed
559,441,2025-06-24,completed
560,488,2025-02-21,completed
561,366,2024-02-29,completed
562,166,2024-09-21,completed
563,306,2025-08-23,completed
564,494,2025-08-23,completed
565,434,2025-10-13,completed
566,285,2025-04-07,completed
567,432,2025-10-09,completed
568,491,2024-11-21,cancelled
569,169,2024-01-17,cancelled
570,212,2025-07-23,cancelled
571,184,2025-01-31,completed
572,99,2025-03-31,completed
573,364,2025-01-01,completed
574,253,2024-06-23,completed
575,355,2025-11-25,completed
576,209,2024-10-07,completed
577,451,2025-08-08,completed
578,160,2024-03-05,completed
579,13,2025-08-29,completed
580,122,2024-03-15,completed
581,227,2024-02-26,completed
582,238,2025-03-14,cancelled
583,65,2025-10-14,completed
584,300,2025-03-22,completed
585,5,2025-06-14,completed
586,328,2024-07-25,completed
587,215,2024-12-02,completed
588,193,2024-07-29,completed
589,16,2025-07-22,completed
590,454,2024-09-25,completed
591,71,2025-01-23,completed
592,123,2025-01-13,completed
593,452,2024-05-13,completed
594,126,2024-02-17,completed
595,199,2025-10-22,completed
596,254,2025-04-30,completed
597,293,2024-06-09,cancelled
598,22,2025-04-21,completed
599,331,2024-03-18,completed
600,475,2024-08-21,completed
601,171,2024-07-20,completed
602,154,2024-10-15,completed
603,265,2025-08-24,completed
604,16,2025-01-18,completed
605,215,2025-03-11,completed
606,410,2025-09-09,cancelled
607,353,2025-09-09,completed
608,269,2024-03-12,completed
609,215,2025-05-04,completed
610,229,2024-03-06,completed
611,422,2024-06-28,completed
612,49,2025-02-06,completed
613,322,2025-07-04,completed
614,211,2025-07-20,completed
615,38,2025-10-16,completed
616,35,2024-03-25,completed
617,88,2024-01-19,completed
618,79,2025-03-27,completed
619,416,2025-06-19,completed
620,307,2024-01-05,completed
621,33,2024-08-13,returned
622,23,2025-03-01,completed
623,55,2024-12-31,completed
624,109,2025-04-14,completed
625,53,2025-12-30,completed
626,300,2025-04-04,completed
627,378,2025-03-14,completed
628,163,2025-10-21,completed
629,148,2024-01-25,completed
630,196,2025-06-17,completed
631,304,2025-07-16,completed
632,370,2024-07-21,completed
633,104,2024-10-05,cancelled
634,43,2024-11-03,completed
635,146,2025-01-19,completed
636,497,2025-01-17,completed
637,224,2024-09-18,completed
638,18,2025-01-05,completed
639,234,2025-11-28,completed
640,470,2025-01-28,completed
641,294,2024-12-18,completed
642,397,2025-12-14,completed
643,417,2024-08-05,completed
644,99,2024-09-22,returned
645,245,2025-05-11,completed
646,490,2024-01-08,completed
647,4,2025-01-19,completed
648,341,2025-02-12,completed
649,2,2025-04-12,cancelled
650,339,2024-07-11,completed
651,205,2025-09-19,completed
652,449,2025-08-08,completed
653,338,2025-12-17,completed
654,473,2025-07-01,completed
655,115,2024-09-22,completed
656,304,2024-07-11,completed
657,161,2025-01-24,completed
658,98,2025-02-01,returned
659,236,2024-11-19,completed
660,159,2025-05-29,returned
661,111,2025-05-21,completed
662,373,2025-02-05,completed
663,388,2025-02-04,completed
664,227,2025-12-13,completed
665,439,2025-08-12,completed
666,243,2024-07-02,cancelled
667,497,2024-06-01,completed
668,443,2025-10-27,completed
669,93,2025-01-28,completed
670,429,2025-08-21,completed
671,460,2024-04-30,completed
672,64,2025-06-02,completed
673,262,2024-08-02,completed
674,154,2024-08-08,returned
675,347,2025-03-11,cancelled
676,357,2025-10-23,completed
677,494,2025-09-10,completed
678,75,2024-08-19,completed
679,54,2024-05-06,completed
680,88,2024-11-21,cancelled
681,377,2024-09-30,completed
682,258,2024-10-20,completed
683,484,2024-04-05,completed
684,253,2024-01-11,returned
685,360,2025-07-01,completed
686,452,2025-06-20,cancelled
687,195,2024-06-23,completed
688,436,2024-04-30,completed
689,4,2025-09-22,completed
690,252,2024-07-21,completed
691,138,2024-04-21,returned
692,170,2024-02-02,completed
693,410,2025-11-29,completed
694,257,2024-01-14,completed
695,149,2024-10-15,completed
696,362,2024-04-15,completed
697,27,2025-01-24,completed
698,156,2024-04-22,completed
699,382,2024-11-25,completed
700,395,2024-05-13,completed
701,55,2024-05-13,completed
702,79,2024-02-14,completed
703,269,2025-05-30,completed
704,356,2024-07-13,completed
705,2,2024-06-12,completed
706,328,2024-05-31,cancelled
707,324,2025-09-11,returned
708,30,2025-10-02,completed
709,353,2025-01-26,cancelled
710,414,2025-02-08,completed
711,93,2025-04-15,completed
712,11,2024-11-13,completed
713,233,2025-10-22,returned
714,414,2024-01-13,completed
715,55,2025-07-09,completed
716,80,2024-09-06,completed
717,429,2025-03-01,completed
718,116,2025-12-01,completed
719,115,2024-04-14,returned
720,272,2024-12-08,completed
721,365,2024-03-19,completed
722,408,2025-05-04,completed
723,143,2024-05-28,completed
724,356,2025-02-27,completed
725,421,2024-08-23,completed
726,472,2024-04-22,completed
727,71,2024-04-30,returned
728,360,2024-04-18,completed
729,188,2024-05-24,completed
730,94,2025-04-26,completed
731,6,2025-02-09,completed
732,65,2024-08-04,completed
733,382,2025-07-26,completed
734,335,2025-10-19,completed
735,145,2024-06-15,completed
736,159,2024-07-11,completed
737,292,2025-08-01,completed
738,499,2024-05-12,completed
739,258,2024-04-13,completed
740,78,2025-11-29,completed
741,414,2025-11-28,completed
742,185,2025-09-30,completed
743,446,2024-11-12,completed
744,87,2024-10-29,completed
745,391,2025-03-28,completed
746,439,2025-09-26,cancelled
747,135,2025-11-29,completed
748,288,2024-01-09,completed
749,205,2024-03-15,completed
750,103,2025-02-15,completed
751,80,2025-04-26,completed
752,414,2025-01-05,completed
753,365,2025-04-07,cancelled
754,353,2024-06-13,returned
755,460,2025-04-14,cancelled
756,382,2024-07-11,completed
757,445,2024-05-07,completed
758,196,2024-10-18,completed
759,384,2025-09-30,cancelled
760,413,2024-02-03,completed
761,421,2025-10-22,completed
762,213,2024-02-03,completed
763,499,2025-02-04,completed
764,364,2024-05-09,completed
765,13,2024-05-13,returned
766,338,2024-02-22,completed
767,145,2024-09-25,cancelled
768,468,2024-07-31,completed
769,93,2024-11-01,completed
770,248,2025-09-20,completed
771,99,2025-09-12,completed
772,187,2024-04-27,cancelled
773,373,2025-12-09,cancelled
774,485,2025-02-13,cancelled
775,106,2025-05-14,completed
776,456,2024-02-04,returned
777,96,2025-01-01,completed
778,164,2025-12-05,completed
779,53,2025-07-28,completed
780,64,2025-04-08,completed
781,496,2025-02-16,completed
782,25,2025-02-06,completed
783,371,2025-03-22,completed
784,276,2024-01-06,cancelled
785,485,2024-11-07,completed
786,442,2024-05-31,completed
787,136,2024-10-30,completed
788,344,2024-08-09,completed
789,55,2024-05-13,completed
790,158,2025-08-14,completed
791,15,2025-05-02,completed
792,190,2024-04-10,completed
793,331,2024-09-11,returned
794,52,2024-10-09,completed
795,465,2025-12-18,completed
796,7,2025-11-13,completed
797,251,2024-09-10,completed
798,269,2025-05-30,completed
799,377,2024-12-25,returned
800,397,2025-11-10,completed
801,382,2024-04-01,completed
802,484,2024-10-09,completed
803,63,2025-03-19,completed
804,151,2024-01-16,completed
805,181,2025-11-07,completed
806,146,2025-05-29,completed
807,496,2024-04-10,cancelled
808,103,2024-09-13,completed
809,219,2025-04-22,completed
810,279,2025-08-02,cancelled
811,344,2024-01-07,completed
812,265,2024-05-27,completed
813,1,2024-06-05,completed
814,54,2025-04-30,completed
815,326,2024-01-23,completed
816,52,2025-08-25,completed
817,289,2025-02-02,completed
818,235,2024-10-10,completed
819,90,2025-11-02,completed
820,475,2025-06-03,completed
821,348,2025-05-02,completed
822,197,2025-03-06,cancelled
823,434,2024-03-15,completed
824,252,2025-03-24,completed
825,13,2025-10-06,returned
826,458,2024-01-06,completed
827,183,2025-09-25,cancelled
828,66,2025-06-13,completed
829,277,2024-12-04,completed
830,124,2025-06-14,cancelled
831,281,2024-12-03,cancelled
832,486,2025-07-31,cancelled
833,307,2025-09-19,cancelled
834,401,2024-07-19,completed
835,61,2025-09-22,returned
836,383,2025-07-03,completed
837,40,2024-02-28,completed
838,67,2025-09-12,completed
839,481,2025-07-10,completed
840,137,2024-11-22,completed
841,121,2025-12-16,completed
842,442,2025-01-26,completed
843,338,2025-03-17,completed
844,303,2024-08-09,completed
845,478,2025-11-25,completed
846,128,2025-07-09,completed
847,239,2024-02-07,returned
848,393,2024-10-09,completed
849,22,2025-07-20,completed
850,9,2025-11-25,completed
851,122,2024-07-27,completed
852,209,2025-10-29,completed
853,109,2024-11-16,completed
854,63,2025-06-24,completed
855,60,2025-12-10,completed
856,424,2024-05-08,cancelled
857,61,2024-03-24,completed
858,427,2025-03-17,completed
859,357,2025-07-24,completed
860,467,2025-02-22,completed
861,233,2025-01-23,completed
862,253,2024-12-15,completed
863,316,2024-11-17,completed
864,133,2025-09-12,completed
865,463,2024-02-10,returned
866,222,2025-05-20,completed
867,114,2024-03-17,completed
868,322,2024-01-09,completed
869,35,2025-05-17,completed
870,324,2025-08-20,completed
871,323,2025-02-05,completed
872,204,2025-12-22,completed
873,163,2025-02-25,completed
874,449,2024-06-19,completed
875,277,2024-01-21,returned
876,171,2024-12-27,completed
877,170,2025-02-27,completed
878,406,2025-05-11,completed
879,68,2024-10-03,cancelled
880,381,2025-07-08,completed
881,218,2025-06-08,completed
882,496,2025-02-20,completed
883,296,2024-01-26,completed
884,415,2025-10-07,returned
885,483,2025-05-16,completed
886,243,2025-06-19,completed
887,387,2025-07-29,completed
888,384,2024-05-04,completed
889,151,2025-11-23,completed
890,129,2025-04-28,completed
891,3,2024-11-15,completed
892,305,2024-06-09,completed
893,79,2024-04-15,completed
894,378,2025-09-22,completed
895,497,2024-02-23,completed
896,182,2024-11-15,completed
897,251,2025-12-12,completed
898,92,2024-01-26,cancelled
899,185,2025-06-22,completed
900,422,2024-02-01,cancelled
901,91,2024-05-14,completed
902,32,2024-11-17,completed
903,342,2025-11-16,completed
904,23,2024-10-09,completed
905,471,2024-04-02,completed
906,495,2024-01-21,completed
907,450,2024-09-09,completed
908,92,2024-10-12,completed
909,136,2024-04-04,completed
910,359,2025-05-30,completed
911,324,2024-07-09,completed
912,332,2024-04-12,completed
913,356,2025-03-21,completed
914,397,2024-10-02,returned
915,28,2024-04-02,completed
916,103,2024-06-25,completed
917,224,2024-04-02,completed
918,242,2025-07-17,completed
919,50,2025-01-31,completed
920,274,2024-03-14,completed
921,97,2024-02-15,completed
922,204,2025-11-29,completed
923,376,2024-04-13,completed
924,133,2025-10-11,completed
925,41,2024-06-02,completed
926,173,2025-11-22,completed
927,183,2025-03-03,completed
928,44,2025-07-01,completed
929,353,2025-09-24,completed
930,383,2024-09-20,completed
931,293,2024-09-24,returned
932,466,2024-07-04,completed
933,500,2025-10-12,completed
934,312,2025-04-16,completed
935,131,2025-02-16,completed
936,290,2025-03-17,completed
937,252,2024-08-28,completed
938,215,2025-09-05,completed
939,238,2024-10-20,completed
940,211,2024-07-12,completed
941,308,2025-10-31,completed
942,351,2025-09-09,completed
943,466,2024-06-12,completed
944,209,2025-06-16,returned
945,372,2024-02-10,completed
946,108,2024-09-27,completed
947,388,2024-09-23,completed
948,366,2024-10-25,completed
949,80,2025-12-12,completed
950,330,2024-06-08,completed
951,77,2024-10-11,completed
952,236,2025-08-06,cancelled
953,187,2025-11-11,completed
954,493,2025-07-01,completed
955,47,2024-07-13,completed
956,117,2024-09-06,completed
957,154,2025-08-05,completed
958,91,2024-12-02,completed
959,261,2025-04-26,completed
960,227,2024-12-16,completed
961,80,2024-11-27,completed
962,439,2024-11-06,completed
963,482,2025-02-17,completed
964,219,2025-01-26,completed
965,200,2025-12-05,returned
966,57,2025-04-28,completed
967,448,2024-06-03,completed
968,359,2025-12-29,completed
969,347,2025-12-21,completed
970,492,2025-05-31,cancelled
971,409,2025-06-09,completed
972,98,2024-03-15,completed
973,4,2025-09-30,completed
974,78,2024-09-22,completed
975,274,2025-09-08,cancelled
976,489,2024-03-11,completed
977,112,2024-12-29,completed
978,64,2024-04-05,returned
979,410,2025-06-03,completed
980,485,2024-11-13,completed
981,460,2024-11-27,completed
982,241,2024-02-09,completed
983,215,2024-06-25,completed
984,15,2024-01-27,completed
985,34,2024-04-25,returned
986,343,2024-04-08,completed
987,499,2025-04-18,completed
988,8,2024-05-26,completed
989,177,2024-07-11,completed
990,234,2025-11-10,completed
991,500,2025-04-13,completed
992,178,2024-11-10,completed
993,272,2025-06-21,completed
994,143,2024-02-20,returned
995,343,2024-11-15,completed
996,128,2024-12-24,completed
997,61,2025-06-17,completed
998,225,2024-11-01,completed
999,355,2025-05-13,completed
1000,436,2025-11-11,completed
1001,43,2024-01-14,completed
1002,56,2025-08-27,completed
1003,392,2024-09-01,completed
1004,93,2024-01-25,completed
1005,495,2024-09-11,completed
1006,326,2024-09-26,completed
1007,89,2025-05-26,completed
1008,161,2025-09-28,completed
1009,413,2025-03-24,cancelled
1010,359,2025-10-19,completed
1011,472,2025-01-29,completed
1012,342,2024-10-07,completed
1013,111,2024-05-28,completed
1014,291,2024-07-15,completed
1015,355,2024-05-17,completed
1016,54,2025-09-10,completed
1017,224,2024-03-07,returned
1018,245,2025-12-24,completed
1019,392,2024-05-16,returned
1020,292,2025-06-04,cancelled
1021,184,2025-08-24,completed
1022,374,2024-06-14,completed
1023,254,2024-05-02,completed
1024,196,2025-12-14,completed
1025,134,2025-02-15,completed
1026,31,2025-11-30,completed
1027,410,2025-08-04,completed
1028,256,2024-07-05,completed
1029,417,2025-03-31,completed
1030,160,2024-10-25,completed
1031,80,2025-09-19,cancelled
1032,207,2024-02-12,completed
1033,330,2024-07-24,completed
1034,194,2024-03-25,completed
1035,46,2024-11-10,cancelled
1036,269,2024-07-01,completed
1037,96,2024-08-14,completed
1038,293,2025-10-17,completed
1039,60,2024-10-24,completed
1040,429,2025-02-15,completed
1041,364,2025-10-03,completed
1042,250,2024-09-16,completed
1043,275,2024-12-01,completed
1044,62,2025-02-08,completed
1045,56,2024-04-24,completed
1046,258,2024-07-12,completed
1047,462,2025-10-21,completed
1048,126,2025-09-08,completed
1049,74,2024-04-16,completed
1050,417,2025-01-31,completed
1051,38,2024-01-21,completed
1052,461,2024-06-05,completed
1053,11,2025-03-18,completed
1054,65,2025-10-03,completed
1055,365,2024-07-14,completed
1056,112,2024-12-11,completed
1057,106,2025-01-30,completed
1058,163,2025-04-24,completed
1059,403,2024-03-07,completed
1060,161,2024-12-31,completed
1061,425,2025-04-02,completed
1062,61,2025-06-29,cancelled
1063,70,2025-01-25,completed
1064,44,2025-01-13,completed
1065,405,2025-11-15,completed
1066,187,2024-09-15,completed
1067,222,2024-12-11,completed
1068,195,2025-02-01,completed
1069,178,2024-09-24,completed
1070,55,2024-09-05,completed
1071,175,2025-09-24,completed
1072,368,2024-03-22,completed
1073,360,2024-03-18,completed
1074,129,2024-12-19,completed
1075,382,2025-11-21,completed
1076,382,2024-07-13,completed
1077,408,2025-02-16,completed
1078,8,2025-03-20,completed
1079,77,2024-10-04,completed
1080,425,2025-07-16,completed
1081,341,2024-03-02,completed
1082,312,2024-10-23,completed
1083,414,2025-12-06,cancelled
1084,466,2024-11-16,completed
1085,128,2025-05-15,completed
1086,76,2025-09-30,completed
1087,115,2025-10-10,completed
1088,275,2024-07-23,completed
1089,259,2024-10-16,completed
1090,76,2025-04-02,completed
1091,445,2024-11-30,completed
1092,314,2024-02-05,completed
1093,53,2025-06-19,completed
1094,176,2024-03-12,completed
1095,286,2024-01-25,completed
1096,489,2024-05-20,completed
1097,21,2024-07-23,completed
1098,189,2025-06-05,cancelled
1099,192,2025-06-07,completed
1100,202,2024-05-02,completed
1101,292,2024-11-01,completed
1102,453,2024-09-15,completed
1103,93,2024-12-07,completed
1104,55,2024-01-01,completed
1105,214,2025-10-31,completed
1106,234,2024-07-28,completed
1107,45,2024-08-28,completed
1108,212,2024-06-28,returned
1109,333,2024-02-15,cancelled
1110,462,2025-01-15,completed
1111,209,2025-01-03,returned
1112,171,2025-01-02,completed
1113,406,2024-07-29,completed
1114,167,2025-01-17,completed
1115,458,2025-05-31,completed
1116,16,2024-10-29,completed
1117,217,2025-01-01,completed
1118,192,2024-08-01,completed
1119,395,2024-04-10,completed
1120,384,2024-12-11,completed
1121,228,2024-03-11,completed
1122,84,2024-02-10,completed
1123,199,2025-10-31,cancelled
1124,72,2024-05-15,completed
1125,45,2024-09-26,cancelled
1126,96,2025-11-11,completed
1127,31,2025-06-06,completed
1128,5,2024-11-06,cancelled
1129,245,2025-05-05,completed
1130,75,2024-03-10,completed
1131,386,2025-02-27,completed
1132,344,2025-01-17,completed
1133,288,2024-03-27,completed
1134,333,2024-12-15,completed
1135,138,2024-10-04,cancelled
1136,456,2024-05-22,completed
1137,371,2024-10-25,completed
1138,201,2025-05-10,completed
1139,233,2025-07-17,completed
1140,244,2025-03-23,completed
1141,390,2024-02-25,completed
1142,138,2024-05-10,completed
1143,317,2025-09-10,completed
1144,423,2025-01-27,completed
1145,144,2024-04-19,completed
1146,228,2025-03-29,completed
1147,199,2025-03-28,completed
1148,141,2024-09-11,completed
1149,34,2025-04-08,completed
1150,11,2025-05-17,completed
1151,196,2025-01-08,completed
1152,269,2024-09-18,completed
1153,48,2025-09-27,completed
1154,414,2024-07-19,completed
1155,401,2024-07-02,completed
1156,263,2024-01-22,completed
1157,241,2024-06-08,completed
1158,57,2025-12-31,completed
1159,483,2025-06-16,completed
1160,60,2025-09-10,cancelled
1161,155,2025-02-09,completed
1162,205,2025-04-22,completed
1163,28,2024-12-24,completed
1164,473,2025-06-02,completed
1165,261,2024-08-11,completed
1166,27,2025-06-13,completed
1167,366,2025-03-26,completed
1168,7,2024-05-16,completed
1169,113,2025-04-24,cancelled
1170,176,2025-09-23,completed
1171,399,2024-09-08,completed
1172,482,2025-06-05,completed
1173,79,2024-04-10,completed
1174,418,2025-03-18,completed
1175,121,2024-10-20,completed
1176,43,2024-01-09,completed
1177,471,2025-12-17,completed
1178,252,2024-04-20,completed
1179,398,2025-12-17,completed
1180,157,2024-10-27,completed
1181,61,2024-05-31,completed
1182,108,2025-04-29,completed
1183,417,2025-05-24,completed
1184,213,2024-04-05,completed
1185,5,2025-10-08,completed
1186,440,2025-06-01,completed
1187,171,2024-01-19,completed
1188,469,2025-09-15,completed
1189,3,2025-06-27,completed
1190,411,2024-10-07,completed
1191,200,2025-07-28,completed
1192,332,2024-09-08,cancelled
1193,375,2024-09-21,completed
1194,478,2024-10-22,completed
1195,173,2024-05-04,completed
1196,467,2025-09-27,completed
1197,83,2025-06-18,completed
1198,248,2025-08-23,completed
1199,479,2025-05-21,completed
1200,479,2025-01-16,completed
1201,283,2024-12-14,completed
1202,275,2025-03-11,completed
1203,71,2025-12-13,completed
1204,146,2024-12-01,completed
1205,49,2024-09-27,completed
1206,390,2025-07-17,completed
1207,337,2024-10-31,completed
1208,245,2024-02-13,completed
1209,471,2025-08-05,completed
1210,374,2025-12-26,completed
1211,271,2024-10-26,completed
1212,59,2025-02-19,completed
1213,21,2024-08-24,returned
1214,69,2024-08-11,completed
1215,368,2024-04-23,completed
1216,229,2024-05-27,completed
1217,194,2025-11-06,completed
1218,486,2024-10-07,completed
1219,57,2024-10-21,completed
1220,115,2025-04-05,completed
1221,331,2025-05-12,completed
1222,145,2024-09-15,completed
1223,96,2024-04-21,completed
1224,440,2024-12-10,completed
1225,53,2025-08-01,cancelled
1226,500,2025-07-15,completed
1227,6,2025-08-24,completed
1228,406,2025-09-04,completed
1229,251,2024-08-09,completed
1230,386,2025-04-08,completed
1231,99,2024-06-25,completed
1232,152,2025-04-16,completed
1233,33,2024-06-11,completed
1234,90,2025-12-01,completed
1235,267,2025-12-31,completed
1236,152,2025-01-19,completed
1237,298,2025-12-30,completed
1238,124,2024-02-21,completed
1239,405,2024-08-13,completed
1240,37,2025-03-08,completed
1241,85,2025-10-14,completed
1242,413,2024-04-10,completed
1243,280,2024-05-31,completed
1244,23,2025-09-05,completed
1245,63,2024-08-29,completed
1246,193,2024-02-12,completed
1247,107,2024-09-03,completed
1248,469,2025-06-25,completed
1249,194,2024-07-11,completed
1250,345,2024-03-08,completed
1251,67,2025-01-12,completed
1252,444,2024-02-13,completed
1253,492,2024-01-24,completed
1254,142,2024-12-05,completed
1255,352,2025-10-16,completed
1256,114,2024-05-24,completed
1257,370,2024-05-06,completed
1258,490,2024-03-26,cancelled
1259,16,2025-08-23,completed
1260,306,2024-05-02,returned
1261,446,2025-06-22,completed
1262,232,2024-10-08,completed
1263,173,2024-08-31,completed
1264,29,2025-06-16,cancelled
1265,90,2024-08-11,completed
1266,288,2025-10-21,cancelled
1267,245,2025-11-14,cancelled
1268,290,2025-08-17,completed
1269,307,2025-12-24,completed
1270,327,2025-08-05,completed
1271,456,2024-07-13,completed
1272,287,2024-02-26,completed
1273,328,2024-04-30,completed
1274,461,2025-06-16,completed
1275,137,2024-04-05,completed
1276,352,2024-05-29,completed
1277,21,2024-01-31,completed
1278,465,2025-02-02,completed
1279,39,2024-03-24,completed
1280,442,2025-10-06,completed
1281,230,2024-05-23,completed
1282,473,2024-02-18,returned
1283,161,2025-01-01,completed
1284,105,2024-06-17,completed
1285,58,2024-08-12,completed
1286,500,2024-12-19,completed
1287,304,2024-02-20,completed
1288,23,2024-04-06,completed
1289,464,2025-04-19,completed
1290,477,2025-03-05,completed
1291,164,2025-02-22,completed
1292,360,2025-08-25,completed
1293,414,2024-05-30,cancelled
1294,74,2024-03-27,completed
1295,202,2025-11-26,cancelled
1296,268,2025-10-28,completed
1297,387,2025-08-31,returned
1298,409,2024-02-04,returned
1299,150,2025-10-25,completed
1300,473,2024-07-02,completed
1301,273,2025-05-19,completed
1302,67,2024-11-23,completed
1303,1,2025-02-12,completed
1304,200,2025-01-25,completed
1305,176,2025-01-18,completed
1306,424,2025-09-18,completed
1307,100,2025-07-13,returned
1308,496,2025-08-12,completed
1309,490,2025-01-30,cancelled
1310,58,2025-05-07,completed
1311,45,2025-01-07,completed
1312,188,2025-09-26,cancelled
1313,77,2025-12-14,cancelled
1314,182,2024-06-30,completed
1315,456,2024-05-20,cancelled
1316,380,2025-11-16,completed
1317,66,2024-11-07,returned
1318,14,2024-05-19,cancelled
1319,158,2025-01-16,completed
1320,94,2025-11-29,completed
1321,461,2025-10-14,completed
1322,491,2024-03-12,completed
1323,65,2024-07-23,completed
1324,31,2025-01-21,completed
1325,251,2024-06-12,completed
1326,499,2025-01-06,completed
1327,398,2025-11-16,completed
1328,352,2024-08-08,completed
1329,89,2024-06-07,completed
1330,86,2024-11-28,completed
1331,63,2025-05-15,completed
1332,372,2024-04-29,completed
1333,467,2025-05-24,completed
1334,15,2025-11-22,completed
1335,405,2024-02-25,completed
1336,260,2025-08-05,completed
1337,327,2025-07-01,completed
1338,143,2024-11-05,completed
1339,77,2025-10-20,completed
1340,43,2024-08-03,completed
1341,474,2025-12-18,returned
1342,22,2024-05-03,completed
1343,339,2025-06-25,completed
1344,173,2024-08-01,completed
1345,402,2024-10-15,completed
1346,350,2025-02-08,completed
1347,193,2024-05-11,completed
1348,398,2024-04-09,completed
1349,14,2024-09-22,cancelled
1350,315,2024-06-14,completed
1351,484,2024-04-19,completed
1352,316,2025-01-06,cancelled
1353,218,2024-06-25,cancelled
1354,409,2025-06-10,completed
1355,142,2024-04-02,completed
1356,361,2024-03-03,completed
1357,365,2024-08-22,completed
1358,489,2024-10-09,completed
1359,223,2024-07-05,completed
1360,81,2025-03-26,cancelled
1361,207,2025-02-28,completed
1362,64,2024-09-15,completed
1363,363,2024-03-08,completed
1364,307,2025-05-23,cancelled
1365,285,2024-10-26,completed
1366,224,2024-07-06,completed
1367,240,2024-02-22,completed
1368,460,2024-04-24,completed
1369,156,2025-07-01,completed
1370,378,2024-08-26,completed
1371,48,2024-07-03,completed
1372,308,2025-11-17,completed
1373,217,2024-04-25,completed
1374,146,2025-11-21,cancelled
1375,145,2025-09-16,completed
1376,478,2024-12-30,completed
1377,496,2025-08-10,returned
1378,451,2025-03-22,completed
1379,38,2024-08-07,returned
1380,387,2025-09-06,completed
1381,209,2024-01-01,completed
1382,400,2025-12-18,completed
1383,50,2025-03-15,completed
1384,404,2025-08-03,completed
1385,477,2024-03-07,completed
1386,237,2025-07-18,completed
1387,471,2025-02-07,completed
1388,260,2025-01-25,completed
1389,161,2025-11-06,completed
1390,348,2024-07-03,completed
1391,306,2025-07-04,completed
1392,305,2025-11-02,completed
1393,141,2025-07-24,completed
1394,227,2024-12-14,completed
1395,158,2024-11-22,returned
1396,190,2024-09-21,completed
1397,28,2024-01-10,completed
1398,69,2024-11-19,completed
1399,4,2025-07-03,completed
1400,403,2024-01-14,cancelled
1401,374,2024-04-23,cancelled
1402,389,2025-05-05,completed
1403,136,2025-06-10,completed
1404,386,2024-10-01,completed
1405,484,2024-07-17,completed
1406,331,2025-10-18,completed
1407,420,2024-03-15,cancelled
1408,424,2024-02-12,completed
1409,458,2024-08-22,completed
1410,367,2025-02-09,completed
1411,451,2025-01-05,completed
1412,263,2025-11-07,completed
1413,231,2025-11-28,completed
1414,84,2025-06-17,completed
1415,63,2024-02-15,completed
1416,2,2024-01-17,completed
1417,408,2024-04-05,completed
1418,387,2024-02-18,completed
1419,405,2024-04-10,completed
1420,2,2025-01-13,completed
1421,498,2025-11-15,completed
1422,457,2024-08-18,returned
1423,315,2025-08-28,completed
1424,311,2025-04-15,completed
1425,233,2024-03-20,completed
1426,155,2024-03-21,completed
1427,482,2024-03-15,completed
1428,198,2025-09-08,completed
1429,312,2025-12-30,completed
1430,301,2024-03-17,completed
1431,428,2024-02-16,completed
1432,487,2024-02-24,completed
1433,313,2024-12-01,cancelled
1434,124,2024-04-02,completed
1435,295,2025-01-15,returned
1436,292,2024-05-19,completed
1437,304,2024-11-17,completed
1438,425,2025-10-31,completed
1439,305,2024-09-20,completed
1440,395,2024-03-13,completed
1441,452,2025-01-03,completed
1442,129,2024-11-02,cancelled
1443,475,2024-10-10,completed
1444,277,2024-12-07,cancelled
1445,52,2025-04-18,completed
1446,91,2024-06-21,completed
1447,342,2024-05-18,completed
1448,57,2024-12-11,completed
1449,145,2024-02-14,returned
1450,468,2024-08-24,completed
1451,148,2025-11-24,completed
1452,17,2024-08-07,completed
1453,385,2024-09-06,cancelled
1454,199,2025-03-25,completed
1455,257,2024-09-30,completed
1456,358,2025-01-18,cancelled
1457,194,2024-06-09,completed
1458,425,2024-01-12,completed
1459,55,2025-04-15,completed
1460,114,2024-11-11,completed
1461,17,2025-08-08,completed
1462,202,2025-03-30,completed
1463,473,2025-04-12,completed
1464,453,2025-12-11,completed
1465,228,2024-04-27,completed
1466,408,2025-09-14,completed
1467,352,2025-01-09,completed
1468,238,2025-12-07,returned
1469,385,2024-12-13,cancelled
1470,412,2025-06-05,completed
1471,110,2025-09-21,completed
1472,46,2024-10-11,completed
1473,364,2024-07-19,completed
1474,142,2025-12-13,completed
1475,53,2024-09-06,completed
1476,25,2025-02-20,completed
1477,226,2025-04-12,completed
1478,453,2025-12-03,returned
1479,312,2024-02-11,cancelled
1480,432,2025-07-08,completed
1481,78,2025-08-04,completed
1482,286,2025-01-12,returned
1483,31,2024-11-06,completed
1484,97,2024-08-18,completed
1485,223,2024-04-30,completed
1486,285,2025-12-13,completed
1487,305,2025-12-04,completed
1488,369,2024-10-15,cancelled
1489,134,2024-07-26,cancelled
1490,362,2025-01-09,completed
1491,365,2024-10-01,completed
1492,477,2025-08-31,completed
1493,474,2025-09-25,cancelled
1494,204,2024-11-05,completed
1495,189,2025-08-25,returned
1496,460,2024-06-10,cancelled
1497,110,2024-02-27,completed
1498,73,2024-05-03,completed
1499,255,2024-07-17,completed
1500,449,2024-05-31,completed
1501,331,2024-02-17,cancelled
1502,472,2024-06-04,completed
1503,434,2024-07-18,completed
1504,294,2025-12-09,completed
1505,102,2024-05-04,completed
1506,192,2025-09-22,completed
1507,316,2024-07-13,cancelled
1508,241,2025-02-10,completed
1509,96,2025-02-02,completed
1510,103,2025-01-25,completed
1511,52,2024-12-28,completed
1512,245,2024-07-24,completed
1513,387,2025-09-14,completed
1514,491,2024-12-28,completed
1515,332,2024-04-27,completed
1516,287,2024-11-08,completed
1517,369,2025-04-29,completed
1518,220,2024-10-01,completed
1519,184,2024-07-08,completed
1520,223,2024-06-11,completed
1521,374,2025-11-08,completed
1522,291,2025-10-24,completed
1523,85,2025-03-12,completed
1524,494,2025-06-27,completed
1525,196,2024-12-02,completed
1526,64,2024-05-28,completed
1527,13,2024-12-23,completed
1528,238,2025-02-09,completed
1529,18,2024-09-20,completed
1530,162,2025-12-16,completed
1531,493,2025-04-20,completed
1532,357,2025-01-24,completed
1533,180,2024-04-22,completed
1534,437,2024-11-17,completed
1535,158,2025-12-27,completed
1536,476,2025-09-09,completed
1537,257,2025-03-06,completed
1538,354,2024-06-26,completed
1539,68,2024-05-08,completed
1540,222,2024-11-07,completed
1541,422,2024-01-29,completed
1542,271,2025-12-24,completed
1543,285,2025-03-16,returned
1544,134,2025-12-23,completed
1545,282,2025-01-14,completed
1546,380,2024-05-18,completed
1547,336,2024-04-20,completed
1548,277,2024-01-29,completed
1549,498,2025-05-13,completed
1550,117,2025-07-03,completed
1551,386,2024-06-12,completed
1552,206,2025-08-10,returned
1553,240,2025-03-27,completed
1554,187,2024-01-11,completed
1555,41,2024-06-26,cancelled
1556,368,2024-06-15,returned
1557,133,2025-11-07,cancelled
1558,328,2025-07-08,completed
1559,389,2025-06-30,completed
1560,52,2024-05-13,completed
1561,22,2024-08-29,completed
1562,181,2024-04-16,completed
1563,286,2025-04-10,completed
1564,58,2025-01-19,completed
1565,419,2024-07-19,completed
1566,238,2024-01-22,completed
1567,351,2024-12-23,completed
1568,450,2025-09-04,completed
1569,454,2025-02-12,completed
1570,189,2025-08-09,completed
1571,489,2025-02-24,completed
1572,126,2025-04-19,completed
1573,489,2024-07-03,completed
1574,390,2024-02-11,completed
1575,276,2024-06-06,cancelled
1576,429,2025-11-20,completed
1577,145,2025-02-12,completed
1578,112,2024-10-30,completed
1579,224,2024-05-28,completed
1580,314,2024-09-16,completed
1581,470,2025-08-04,completed
1582,229,2024-06-06,completed
1583,11,2025-12-05,completed
1584,101,2024-06-14,completed
1585,24,2024-11-30,completed
1586,290,2025-09-18,completed
1587,257,2025-09-16,cancelled
1588,326,2024-04-26,cancelled
1589,116,2025-09-15,completed
1590,49,2025-10-28,completed
1591,240,2025-09-13,completed
1592,255,2024-07-01,completed
1593,193,2025-01-12,completed
1594,115,2025-09-08,completed
1595,156,2024-03-05,completed
1596,39,2025-06-05,completed
1597,274,2024-01-29,completed
1598,17,2024-06-16,completed
1599,1,2025-07-23,cancelled
1600,122,2024-01-15,completed
